Lesson,Board,Seat,Fingerprint,Card,Who,Quality,FetchedAt
100Deals,9,W,a767cff7e82e2dda,SK,Simulation (make/set DD),0.7587,2026-08-31T02:11:16Z
100Deals,10,W,b09c25881b511876,HK,Simulation (make/set DD),0.8225,2026-08-31T02:11:24Z
100Deals,95,W,646010c877dc01ef,DT,Simulation (make/set DD),0.86,2026-08-31T02:11:37Z
2Club,1,W,931926edef76ca6c,D2,Simulation (make/set DD),0.866,2026-08-31T02:11:42Z
2Club,2,E,8f4c3cfc5d61a750,S9,Simulation (make/set DD),0.8473,2026-08-31T02:11:47Z
2Club,3,W,6dd7c8b73cb92c8a,C3,Simulation (make/set DD),0.7658,2026-08-31T02:12:03Z
2Club,4,E,bdd67f27402c7f74,H7,Simulation (make/set DD),0.8544,2026-08-31T02:12:06Z
2Club,5,W,d7f97c929be2b6df,DT,Simulation (make/set DD),0.8008,2026-08-31T02:12:11Z
2Club,6,E,b972ac40d98285d6,C8,Simulation (make/set DD),0.7535,2026-08-31T02:12:14Z
2Club,7,W,89b39d5b50a6b485,HK,Simulation (make/set DD),0.7561,2026-08-31T02:12:17Z
2Club,8,E,e4b7a4a883528150,H4,Simulation (make/set DD),0.8204,2026-08-31T02:12:32Z
2Club,9,E,34f77e86f9d8ce87,S8,Simulation (make/set DD),0.7742,2026-08-31T02:12:36Z
2Club,10,W,4e89f6ca9e01ab74,H4,Simulation (make/set DD),0.8061,2026-08-31T02:12:40Z
2Club,11,E,4843a591fce3a24d,C3,Simulation (make/set DD),0.5387,2026-08-31T02:12:44Z
2Club,12,E,bf06f158f469ad1b,HQ,Simulation (make/set DD),0.7225,2026-08-31T02:12:46Z
2Club,13,E,73a9bd7573e6b8fc,SJ,Simulation (make/set DD),0.6692,2026-08-31T02:12:49Z
2Club,14,W,c1e698ce77ee9805,CJ,Simulation (make/set DD),0.738,2026-08-31T02:12:52Z
2Club,15,E,d9eea375ab7efe64,S5,Simulation (make/set DD),0.8089,2026-08-31T02:12:58Z
2Club,16,W,3a8c93cebe75e123,S8,Simulation (make/set DD),0.7903,2026-08-31T02:13:01Z
2Club,17,E,7befbd98eb7ba8aa,SQ,Simulation (make/set DD),0.6806,2026-08-31T02:13:04Z
2Club,18,W,46380be72492470e,DK,Simulation (make/set DD),0.7252,2026-08-31T02:13:10Z
2Club,19,W,7937dd601d2a9e6f,D7,Simulation (make/set DD),0.6227,2026-08-31T02:13:11Z
2Club,20,E,8bdfaa1d15e3f7a7,H7,Simulation (make/set DD),0.757,2026-08-31T02:13:17Z
2over1,1,E,ced7487b635864f4,S3,Simulation (make/set DD),0.8217,2026-08-31T02:13:21Z
2over1,2,E,e736543a681e8bb4,C5,Simulation (make/set DD),0.7525,2026-08-31T02:13:23Z
2over1,3,E,d3a3d1e652247a69,CJ,Simulation (make/set DD),0.7106,2026-08-31T02:13:27Z
2over1,4,E,5b8391c51752aca1,DK,Simulation (make/set DD),0.7907,2026-08-31T02:13:32Z
2over1,5,E,9e3a2075c06254a6,D9,Simulation (make/set DD),0.6789,2026-08-31T02:13:36Z
2over1,6,E,17e0334eb986c41b,CK,Simulation (make/set DD),0.7553,2026-08-31T02:13:38Z
2over1,7,E,1806457ea8b819f1,C7,Simulation (make/set DD),0.7822,2026-08-31T02:13:40Z
2over1,8,W,a32a8d5cfa6afe8d,CJ,Simulation (make/set DD),0.6833,2026-08-31T02:13:43Z
2over1,9,E,f8a0202e099da97f,D2,Simulation (make/set DD),0.8309,2026-08-31T02:13:48Z
2over1,10,E,d7c2658c928f90ac,D7,Simulation (make/set DD),0.6479,2026-08-31T02:13:52Z
2over1,11,E,1d1f9cb831423ae7,SK,Simulation (make/set DD),0.5978,2026-08-31T02:13:55Z
2over1,12,E,4e4b4fe8c33b67ff,HJ,Simulation (make/set DD),0.8024,2026-08-31T02:13:58Z
2over1,13,W,2acb53c4b7fba942,S3,Simulation (make/set DD),0.537,2026-08-31T02:14:01Z
2over1,14,W,1c7726008e5e0d06,S7,Simulation (make/set DD),0.8116,2026-08-31T02:14:04Z
2over1,15,W,e3783337944b0956,ST,Simulation (make/set DD),0.8002,2026-08-31T02:14:11Z
2over1,16,W,6bfb259bbdd09b6f,D8,Simulation (make/set DD),0.8124,2026-08-31T02:14:20Z
2over1,17,E,ebb0e52d64bcf931,SJ,Simulation (make/set DD),0.832,2026-08-31T02:14:29Z
2over1,18,W,63ff75aaa09949e2,HK,Simulation (make/set DD),0.7931,2026-08-31T02:14:32Z
2over1,19,W,4f7251894a4562a2,DQ,Simulation (make/set DD),0.6009,2026-08-31T02:14:34Z
2over1,20,W,a4a1a73cf8957abf,DA,Simulation (make/set DD),0.6577,2026-08-31T02:14:36Z
2over1,21,W,f6b9249542b82c6a,HT,Simulation (make/set DD),0.799,2026-08-31T02:14:38Z
2over1,22,E,3c75f8cdcd17494c,D6,Simulation (make/set DD),0.8224,2026-08-31T02:14:44Z
2over1,23,W,5b1e7ed9a100020c,S3,Simulation (make/set DD),0.6282,2026-08-31T02:14:46Z
2over1,24,E,907a6bd3815944d6,H5,Simulation (make/set DD),0.8163,2026-08-31T02:14:53Z
2over1,25,E,21d14bddc0580c53,CJ,NN - bad quality samples,-1,2026-08-31T02:14:55Z
2over1,26,E,f9efc30fb8a0d23f,DA,Simulation (make/set DD),0.7965,2026-08-31T02:14:59Z
2over1,27,E,6977f40ed3d9e7eb,DT,Simulation (make/set DD),0.8119,2026-08-31T02:15:06Z
2over1,28,W,cae70f57145c25bc,C6,Simulation (make/set DD),0.7146,2026-08-31T02:15:11Z
Blackwood,1,E,b01c20d7d7a2a6a6,D4,Simulation (make/set DD),0.7001,2026-08-31T02:15:13Z
Blackwood,2,W,bf34ac53f60783c1,HJ,Simulation (make/set DD),0.76,2026-08-31T02:15:17Z
Blackwood,3,E,39b6a9c5ec0afd55,H3,Simulation (make/set DD),0.6885,2026-08-31T02:15:19Z
Blackwood,4,W,a424b28aaa0299f1,H7,Simulation (make/set DD),0.7442,2026-08-31T02:15:22Z
Blackwood,5,E,ad5d45f904311599,S2,Simulation (make/set DD),0.4094,2026-08-31T02:15:24Z
Blackwood,6,W,528665aa8e677b8e,C2,Simulation (make/set DD),0.7447,2026-08-31T02:15:29Z
Blackwood,7,E,f08fcd9d2e4e2cac,H8,Simulation (make/set DD),0.5636,2026-08-31T02:15:31Z
Blackwood,8,E,67407d43f9346614,D2,NN - bad quality samples,-1,2026-08-31T02:15:33Z
Blackwood,9,E,913fdb42155a3cc9,CQ,NN - bad quality samples,-1,2026-08-31T02:15:35Z
Blackwood,10,W,e002f674011f0049,S6,Simulation (make/set DD),0.5236,2026-08-31T02:15:37Z
Blackwood,11,E,d51c8c7c8a8516c6,D7,Simulation (make/set DD),0.5997,2026-08-31T02:15:39Z
Blackwood,12,W,27961f9c793ad259,HA,Simulation (make/set DD),0.7249,2026-08-31T02:15:42Z
Blackwood,13,W,fff6cd3d52f44628,C3,Simulation (make/set DD),0.506,2026-08-31T02:15:45Z
Blackwood,14,W,b0fb36ead31da727,C5,NN - bad quality samples,-1,2026-08-31T02:15:46Z
Blackwood,15,E,81835953b507e0f0,S2,NN - bad quality samples,-1,2026-08-31T02:15:48Z
Blackwood,16,W,a3a15108083a7c01,C7,Simulation (make/set DD),0.7414,2026-08-31T02:15:51Z
Blackwood,17,W,4d9e9dacc1e2f243,CA,Simulation (make/set DD),0.5561,2026-08-31T02:15:55Z
Blackwood,18,W,fc6c57b203ccb40d,C4,NN - bad quality samples,-1,2026-08-31T02:15:56Z
Blackwood,19,E,cfe4c8c92e4d15c3,S2,Simulation (make/set DD),0.5865,2026-08-31T02:15:58Z
Blackwood,20,E,9788fa77b9dde239,ST,NN - bad quality samples,-1,2026-08-31T02:15:59Z
Cue-bid,1,E,e5cfac3fa9d02151,D5,Simulation (make/set DD),0.8101,2026-08-31T02:16:02Z
Cue-bid,2,W,a1b2b70d3bacfca7,CK,Simulation (make/set DD),0.8103,2026-08-31T02:16:07Z
Cue-bid,3,E,7b0483dda951298b,ST,Simulation (make/set DD),0.7613,2026-08-31T02:16:11Z
Cue-bid,4,W,61d8b6c39496becc,CJ,Simulation (make/set DD),0.7811,2026-08-31T02:16:15Z
Cue-bid,5,E,f42880e755ddc7ea,HK,Simulation (make/set DD),0.793,2026-08-31T02:16:18Z
Cue-bid,6,W,2f3eabd2c8f2d6e2,SK,Simulation (make/set DD),0.7743,2026-08-31T02:16:22Z
Cue-bid,7,E,809dccbfdec89585,H4,Simulation (make/set DD),0.7349,2026-08-31T02:16:28Z
Cue-bid,8,W,4585f6ccbcbd8742,HK,Simulation (make/set DD),0.7265,2026-08-31T02:16:31Z
Cue-bid,9,E,e770dbdf5febeeee,C2,Simulation (make/set DD),0.7868,2026-08-31T02:16:43Z
Cue-bid,10,E,a32a199fe6de6427,CK,NN - bad quality samples,-1,2026-08-31T02:16:45Z
DONT,1,E,457a571622750f7b,H3,Simulation (make/set DD),0.8405,2026-08-31T02:16:53Z
DONT,2,E,b41dcd7cb31dfc14,H4,Simulation (make/set DD),0.7181,2026-08-31T02:16:56Z
DONT,3,E,61047385da28d935,S2,Simulation (make/set DD),0.7458,2026-08-31T02:17:07Z
DONT,4,E,e17d704231132951,SK,Simulation (make/set DD),0.7165,2026-08-31T02:17:24Z
DONT,5,W,8ef2b2f263f072ec,CT,Simulation (make/set DD),0.7564,2026-08-31T02:17:27Z
DONT,6,W,0fdbc0a6022a1355,HK,Simulation (make/set DD),0.8977,2026-08-31T02:17:30Z
DONT,7,W,749c1516bdc51437,SK,Simulation (make/set DD),0.7526,2026-08-31T02:17:32Z
DONT,8,W,7a30044808146ffd,C8,Simulation (make/set DD),0.8189,2026-08-31T02:17:43Z
DONT,9,E,929b4e99ecff8be6,H5,Simulation (make/set DD),0.8566,2026-08-31T02:17:48Z
DONT,10,E,376fa66b951c120e,C6,Simulation (make/set DD),0.7232,2026-08-31T02:17:50Z
DONT,11,W,c99ed0826e993df8,CA,Simulation (make/set DD),0.8047,2026-08-31T02:17:55Z
DONT,12,E,f0ca4da648aee7c2,CA,Simulation (make/set DD),0.724,2026-08-31T02:17:57Z
DONT,13,E,414638e79cddd5e6,HK,Simulation (make/set DD),0.8445,2026-08-31T02:18:01Z
DONT,14,E,778eb792f3f96b4a,DT,Simulation (make/set DD),0.9024,2026-08-31T02:18:05Z
DONT,15,E,a9788a4a35219a09,H2,Simulation (make/set DD),0.724,2026-08-31T02:18:07Z
DONT,16,E,e23eb49b4c73cbed,S5,Simulation (make/set DD),0.782,2026-08-31T02:18:15Z
DONT,17,W,1463b21fb7b91822,CT,Simulation (make/set DD),0.8326,2026-08-31T02:18:26Z
DONT,18,S,c7f4be66f33d66ca,DQ,Simulation (make/set DD),0.9731,2026-08-31T02:18:33Z
DONT,19,W,4cfc80b1c28ee10f,SA,Simulation (make/set DD),0.8001,2026-08-31T02:18:36Z
DONT,20,W,a4a87133c4260010,CJ,Simulation (make/set DD),0.7518,2026-08-31T02:18:44Z
Drury,1,E,9469312f67f92480,S7,Simulation (make/set DD),0.7942,2026-08-31T02:18:48Z
Drury,2,W,4cdcbfa789d4ba03,D2,Simulation (make/set DD),0.7743,2026-08-31T02:18:52Z
Drury,3,E,54fe7994be466e40,CK,Simulation (make/set DD),0.7826,2026-08-31T02:18:55Z
Drury,4,W,12798ceb08c5727b,H2,Simulation (make/set DD),0.7685,2026-08-31T02:19:00Z
Drury,5,E,92b77eb053a8e4d8,HT,Simulation (make/set DD),0.7474,2026-08-31T02:19:04Z
Drury,6,W,ebaed5776a7bf753,H2,Simulation (make/set DD),0.8322,2026-08-31T02:19:06Z
Drury,7,E,9de1ef1d5fe9d7f8,CQ,Simulation (make/set DD),0.7498,2026-08-31T02:19:11Z
Drury,8,W,b0840ed0ffb24ee8,D5,Simulation (make/set DD),0.7346,2026-08-31T02:19:13Z
FSF,1,W,639a0a95981d10bc,DK,Simulation (make/set DD),0.8483,2026-08-31T02:19:18Z
FSF,2,W,7d149db423cbda30,C7,Simulation (make/set DD),0.5093,2026-08-31T02:19:19Z
FSF,3,E,7df36d17b24a488d,DK,Simulation (make/set DD),0.511,2026-08-31T02:19:22Z
FSF,4,W,b5f6c31ed960749e,HK,Simulation (make/set DD),0.7735,2026-08-31T02:19:28Z
FSF,5,W,c1a7e2c9a78076dd,D7,Simulation (make/set DD),0.8071,2026-08-31T02:19:34Z
FSF,6,W,693a584949f73b3a,SQ,Simulation (make/set DD),0.6624,2026-08-31T02:19:36Z
FSF,7,E,a8eef5132627a794,CK,Simulation (make/set DD),0.8007,2026-08-31T02:19:42Z
FSF,8,E,b3bf8761ed95b161,CQ,Simulation (make/set DD),0.7363,2026-08-31T02:19:49Z
FSF,9,E,ad9874cd6e516e88,CK,Simulation (make/set DD),0.8373,2026-08-31T02:19:55Z
FSF,10,E,1132dd038b70348a,D3,Simulation (make/set DD),0.7738,2026-08-31T02:20:08Z
FSF,11,E,b49d8a7c99a3e4bc,HK,Simulation (make/set DD),0.6933,2026-08-31T02:20:12Z
FSF,12,E,a70d6dd11a6669b2,C8,Simulation (make/set DD),0.7145,2026-08-31T02:20:16Z
FSF,13,W,324a80f84248b818,CT,Simulation (make/set DD),0.8026,2026-08-31T02:20:26Z
FSF,14,E,eb99b49c87f22d40,H2,Simulation (make/set DD),0.7395,2026-08-31T02:20:31Z
Help,1,W,94b746029950bb39,D7,Simulation (make/set DD),0.8953,2026-08-31T02:20:51Z
Help,2,E,d6debccb0052f26a,S5,Simulation (make/set DD),0.7719,2026-08-31T02:20:59Z
Help,3,W,ec127b361a52ace3,CK,Simulation (make/set DD),0.7842,2026-08-31T02:21:02Z
Help,4,E,b75e116a4bf85639,ST,Simulation (make/set DD),0.7575,2026-08-31T02:21:06Z
Help,5,W,76f1272cd40bb394,DT,Simulation (make/set DD),0.7527,2026-08-31T02:21:11Z
Help,6,E,b89630afd8e93bcb,CK,Simulation (make/set DD),0.7754,2026-08-31T02:21:17Z
Help,7,W,9e1e9bd3617008ba,C5,Simulation (make/set DD),0.7701,2026-08-31T02:21:23Z
Help,8,E,a2eee6b07bf6e55a,ST,Simulation (make/set DD),0.7724,2026-08-31T02:21:32Z
Help,9,W,7cc562266c9a04ba,DQ,Simulation (make/set DD),0.5235,2026-08-31T02:21:34Z
Help,10,E,37e5e3715d776fd3,DK,Simulation (make/set DD),0.6034,2026-08-31T02:21:35Z
Jacoby,1,W,319cf7ed7fefff75,CA,Simulation (make/set DD),0.8361,2026-08-31T02:21:37Z
Jacoby,2,E,05600afdf8a51a93,CT,Simulation (make/set DD),0.7787,2026-08-31T02:21:42Z
Jacoby,3,W,e9976b7b83fc0e2b,C7,Simulation (make/set DD),0.5917,2026-08-31T02:21:46Z
Jacoby,4,E,c4a557ed49eae86a,C9,Simulation (make/set DD),0.8053,2026-08-31T02:21:49Z
Jacoby,5,W,26ee0f655ccc960f,H5,Simulation (make/set DD),0.7207,2026-08-31T02:21:51Z
Jacoby,6,E,d4a32f70a4083c7e,D5,Simulation (make/set DD),0.8105,2026-08-31T02:21:56Z
Jacoby,7,W,38f89e6da24fc55e,CT,Simulation (make/set DD),0.6337,2026-08-31T02:21:59Z
Jacoby,8,E,aeadbef83bf30f6e,D4,Simulation (make/set DD),0.7725,2026-08-31T02:22:05Z
Jacoby,9,W,633fafd5b409b1ab,C4,Simulation (make/set DD),0.6117,2026-08-31T02:22:06Z
Jacoby,10,E,a59b3b74c26f48b8,CK,Simulation (make/set DD),0.6743,2026-08-31T02:22:12Z
Jacoby,11,E,e043c48ff531f0f8,DQ,Simulation (make/set DD),0.6896,2026-08-31T02:22:14Z
Jacoby,12,E,9160050e4fcb4670,CQ,Simulation (make/set DD),0.5805,2026-08-31T02:22:16Z
Jacoby,13,W,57f73373469818d2,DQ,Simulation (make/set DD),0.7551,2026-08-31T02:22:20Z
Jacoby,14,E,3efcb31ec38b0987,H3,Simulation (make/set DD),0.8301,2026-08-31T02:22:31Z
Jacoby,15,W,599ee7e543140afe,CQ,Simulation (make/set DD),0.7394,2026-08-31T02:22:36Z
Jacoby,16,E,c8c42dff6784a168,HJ,Simulation (make/set DD),0.7402,2026-08-31T02:22:38Z
Jacoby,17,W,3aa6de9fa2fbbe4f,SJ,NN - bad quality samples,-1,2026-08-31T02:22:39Z
Jacoby,18,E,c4a3d0df30f0fcc9,HK,NN - bad quality samples,-1,2026-08-31T02:22:41Z
Jacoby,19,W,6e7d850295a38071,D2,Simulation (make/set DD),0.676,2026-08-31T02:22:45Z
Jacoby,20,E,c05fed3ae06566f4,SK,Simulation (make/set DD),0.7863,2026-08-31T02:22:48Z
Jacoby,21,W,89facf86b85b41a7,D2,Simulation (make/set DD),0.7402,2026-08-31T02:22:50Z
Jacoby,22,E,ab033212fd35abff,D4,Simulation (make/set DD),0.6204,2026-08-31T02:22:52Z
Jacoby,23,W,237d8434cbd3ae5b,DA,Simulation (make/set DD),0.6526,2026-08-31T02:22:55Z
Jacoby,24,E,aea7a08a1fe54567,H2,Simulation (make/set DD),0.6937,2026-08-31T02:22:58Z
Jacoby,25,W,434d39a80b8fbdc5,D6,Simulation (make/set DD),0.6729,2026-08-31T02:22:59Z
Leben,1,W,6b515e452a395f8c,H8,Simulation (make/set DD),0.8276,2026-08-31T02:23:03Z
Leben,2,E,f0d63eb634c88e2c,HT,Simulation (make/set DD),0.5965,2026-08-31T02:23:05Z
Leben,3,W,25308d9d1f9098d2,S3,Simulation (make/set DD),0.2495,2026-08-31T02:23:08Z
Leben,4,E,284477df6b9a9de3,C8,Simulation (make/set DD),0.1679,2026-08-31T02:23:09Z
Leben,5,E,4246479798fdd4ca,CK,Simulation (make/set DD),0.4553,2026-08-31T02:23:10Z
Leben,6,W,4e7e41856ed9fb7b,DK,Simulation (make/set DD),0.5226,2026-08-31T02:23:12Z
Leben,7,W,5ebc313a511f980f,ST,Simulation (make/set DD),0.3181,2026-08-31T02:23:14Z
Leben,8,E,59b03f2420a5d872,S6,Simulation (make/set DD),0.15,2026-08-31T02:23:15Z
Leben,9,E,e3286b9f71a8c765,SK,Simulation (make/set DD),0.7089,2026-08-31T02:23:16Z
Leben,10,W,095eb746edc51f70,HK,Simulation (make/set DD),0.7637,2026-08-31T02:23:21Z
Leben,11,E,853f6af9ecfbf5f3,D8,Simulation (make/set DD),0.6729,2026-08-31T02:23:24Z
Leben,12,W,a30bfa69943222bf,D4,Simulation (make/set DD),0.5538,2026-08-31T02:23:27Z
Leben,13,E,a38e54dbc5d9f230,HK,Simulation (make/set DD),0.8337,2026-08-31T02:23:35Z
Leben,14,W,f8d2567c29c083e1,H5,Simulation (make/set DD),0.8077,2026-08-31T02:23:38Z
Leben,15,E,cea05bd594c159c8,H4,Simulation (make/set DD),0.7928,2026-08-31T02:23:50Z
Leben,16,N,17b5e07c7c5bd62d,H4,Simulation (make/set DD),0.4554,2026-08-31T02:23:51Z
Leben,17,W,a02678708f98f32f,S3,Simulation (make/set DD),0.5168,2026-08-31T02:23:55Z
Leben,18,W,2d2a2aeeb97e0803,HK,Simulation (make/set DD),0.5601,2026-08-31T02:23:56Z
Leben,19,S,427dd32fa8bf88dd,CT,Simulation (make/set DD),0.6658,2026-08-31T02:23:58Z
Leben,20,W,d4f4ec82503c0ce7,DK,Simulation (make/set DD),0.5217,2026-08-31T02:24:02Z
Major,1,W,326a08da95ad0d1e,DK,Simulation (make/set DD),0.8618,2026-08-31T02:24:06Z
Major,2,W,23450d3e1767d30d,SQ,Simulation (make/set DD),0.7805,2026-08-31T02:24:12Z
Major,3,W,479eb8566cac272c,HT,Simulation (make/set DD),0.7656,2026-08-31T02:24:15Z
Major,4,W,919dc5c02ed4af7e,C3,Simulation (make/set DD),0.8028,2026-08-31T02:24:18Z
Major,5,W,cc5fc579bcbbb6b5,DJ,Simulation (make/set DD),0.8043,2026-08-31T02:24:21Z
Major,6,E,a7258bcfe9c4cf52,HT,Simulation (make/set DD),0.7907,2026-08-31T02:24:35Z
Major,7,E,b087c0b98ebbd02c,C2,Simulation (make/set DD),0.7921,2026-08-31T02:24:39Z
Major,8,E,a266673bc3e8d735,D2,Simulation (make/set DD),0.8126,2026-08-31T02:24:47Z
Major,9,E,d0a2745cb85117de,CK,Simulation (make/set DD),0.7743,2026-08-31T02:24:50Z
Major,10,W,6199fa10a6900743,HT,Simulation (make/set DD),0.8298,2026-08-31T02:24:51Z
Major,11,W,79dca8a411a71dff,D6,Simulation (make/set DD),0.6184,2026-08-31T02:24:53Z
Major,12,E,b722c509c6b1b211,CQ,Simulation (make/set DD),0.7872,2026-08-31T02:24:57Z
Major,13,E,8388caee3894a965,D2,Simulation (make/set DD),0.7931,2026-08-31T02:24:59Z
Major,14,E,2906fc49e518d27a,H4,Simulation (make/set DD),0.8752,2026-08-31T02:25:09Z
Major,15,E,57cde20bcefe0633,HQ,Simulation (make/set DD),0.5855,2026-08-31T02:25:12Z
Major,16,E,24f46b15feb06add,S3,Simulation (make/set DD),0.7361,2026-08-31T02:25:14Z
Major,17,W,c864831d9a4c8c20,DK,Simulation (make/set DD),0.8336,2026-08-31T02:25:20Z
Major,18,E,fda5b20bd7edaa1e,CK,Simulation (make/set DD),0.6459,2026-08-31T02:25:22Z
Major,19,E,f86a8e6ee672d494,DK,Simulation (make/set DD),0.7678,2026-08-31T02:25:25Z
Major,20,E,a422995f2414bbe7,SQ,Simulation (make/set DD),0.7795,2026-08-31T02:25:34Z
Michaels,1,E,d491c8e7770a659a,ST,Simulation (make/set DD),0.8344,2026-08-31T02:25:37Z
Michaels,2,W,31ea7374416bbac9,CK,Simulation (make/set DD),0.815,2026-08-31T02:25:43Z
Michaels,3,E,fc88e7014ba5013a,HK,Simulation (make/set DD),0.8201,2026-08-31T02:25:54Z
Michaels,4,W,8368d316734ee266,HK,Simulation (make/set DD),0.8099,2026-08-31T02:25:58Z
Michaels,5,E,186a3ba310410935,SA,Simulation (make/set DD),0.8171,2026-08-31T02:26:02Z
Michaels,6,E,edac4fcfe016686d,H7,Simulation (make/set DD),0.834,2026-08-31T02:26:05Z
Michaels,7,E,fb301b204845490e,DA,Simulation (make/set DD),0.8188,2026-08-31T02:26:11Z
Michaels,8,W,bd7ec29e80c3e5ad,D3,Simulation (make/set DD),0.733,2026-08-31T02:26:13Z
Michaels,9,W,c2de0d799afb90e2,S2,Simulation (make/set DD),0.8406,2026-08-31T02:26:57Z
Michaels,10,W,9b2c139f13cee428,C7,Simulation (make/set DD),0.6385,2026-08-31T02:26:59Z
Michaels,11,W,6648c117d829204e,HK,Simulation (make/set DD),0.8109,2026-08-31T02:27:02Z
Michaels,12,E,20774deb58405414,H3,Simulation (make/set DD),0.8729,2026-08-31T02:27:08Z
Michaels,13,E,679cc472cf407579,DK,Simulation (make/set DD),0.6198,2026-08-31T02:27:11Z
Michaels,14,W,c5fb8415b038e40a,SK,Simulation (make/set DD),0.7897,2026-08-31T02:27:18Z
Michaels,15,E,882725294c8f1c15,SA,Simulation (make/set DD),0.6858,2026-08-31T02:27:20Z
Michaels,16,W,efe2c9274ba17db6,DK,Simulation (make/set DD),0.8681,2026-08-31T02:27:25Z
Michaels,17,W,4b4c6940f99a0736,DT,Simulation (make/set DD),0.6203,2026-08-31T02:27:27Z
Michaels,18,N,93c735db24c5fcbc,SQ,Simulation (make/set DD),0.6252,2026-08-31T02:27:29Z
Michaels,19,E,aefa3959b119aa79,C2,Simulation (make/set DD),0.7643,2026-08-31T02:27:36Z
Michaels,20,W,87053fb46667f4f0,DK,Simulation (make/set DD),0.6045,2026-08-31T02:27:38Z
Minor,1,E,8ac49e26fc0211a4,H3,Simulation (make/set DD),0.9092,2026-08-31T02:27:45Z
Minor,2,E,263d55257c785817,H7,Simulation (make/set DD),0.7713,2026-08-31T02:27:48Z
Minor,3,E,41e364d2b0243ffe,DK,Simulation (make/set DD),0.8172,2026-08-31T02:27:50Z
Minor,4,E,2e51ff41e4bc92ee,HK,Simulation (make/set DD),0.782,2026-08-31T02:27:53Z
Minor,5,E,408030a8cd177513,H5,Simulation (make/set DD),0.8157,2026-08-31T02:27:57Z
Minor,6,W,f51cbbb6212d144d,S5,Simulation (make/set DD),0.8554,2026-08-31T02:28:02Z
Minor,7,W,2c18406aabf713d4,S3,Simulation (make/set DD),0.7479,2026-08-31T02:28:05Z
Minor,8,W,9a461d240e7cfa43,H4,Simulation (make/set DD),0.7864,2026-08-31T02:28:08Z
Minor,9,W,d688f02d3a2da703,D7,Simulation (make/set DD),0.8768,2026-08-31T02:28:13Z
Minor,10,E,0ace91da3d58d2fc,DK,Simulation (make/set DD),0.8166,2026-08-31T02:28:15Z
Minor,11,W,bc5f787cdb481c51,S2,Simulation (make/set DD),0.8677,2026-08-31T02:28:23Z
Minor,12,W,da9a11b761a81570,CK,Simulation (make/set DD),0.8431,2026-08-31T02:28:28Z
Minor,13,E,ebbef0fb0862e148,C3,Simulation (make/set DD),0.8253,2026-08-31T02:28:36Z
Minor,14,W,24708ff2789ef56d,S8,Simulation (make/set DD),0.8517,2026-08-31T02:28:39Z
Minor,15,W,686508c01fc630a8,D9,Simulation (make/set DD),0.8153,2026-08-31T02:28:44Z
Minor,16,E,70469d20831b43a5,H3,Simulation (make/set DD),0.8063,2026-08-31T02:28:49Z
Minor,17,W,162b2a4d34a77e8d,D4,Simulation (make/set DD),0.7992,2026-08-31T02:28:52Z
Minor,18,W,171316273a33f73f,CK,Simulation (make/set DD),0.8027,2026-08-31T02:28:56Z
Minor,19,W,aa961f9ce3a2754f,C6,Simulation (make/set DD),0.5823,2026-08-31T02:28:58Z
Minor,20,E,59ef8d133a0e84fc,SQ,Simulation (make/set DD),0.5821,2026-08-31T02:29:00Z
NMF,1,W,a74687626ab6dd63,H6,Simulation (make/set DD),0.8298,2026-08-31T02:29:06Z
NMF,2,W,461d375cb0c0d1c7,DQ,Simulation (make/set DD),0.7305,2026-08-31T02:29:10Z
NMF,3,W,70b0e0a7dd636d0e,CJ,Simulation (make/set DD),0.7793,2026-08-31T02:29:13Z
NMF,4,W,c2b1ed92be34a11b,C3,Simulation (make/set DD),0.8678,2026-08-31T02:29:19Z
NMF,5,E,04749745dc1c6901,CJ,Simulation (make/set DD),0.6739,2026-08-31T02:29:22Z
NMF,6,E,8b6d7210af477c89,CQ,Simulation (make/set DD),0.8442,2026-08-31T02:29:27Z
NMF,7,E,c8090b47fa1f2abb,DQ,Simulation (make/set DD),0.8783,2026-08-31T02:29:32Z
NMF,8,W,6d777065032db649,S4,Simulation (make/set DD),0.8392,2026-08-31T02:29:38Z
NMF,9,E,a24a0ec72b7a92aa,H7,Simulation (make/set DD),0.7095,2026-08-31T02:29:44Z
NMF,10,W,dc339c552a1e8826,H5,Simulation (make/set DD),0.5443,2026-08-31T02:29:47Z
NMF,11,E,8855c2bcc73e5910,H8,Simulation (make/set DD),0.8218,2026-08-31T02:29:53Z
NMF,12,E,55cea87bae60c76a,H5,Simulation (make/set DD),0.5404,2026-08-31T02:29:55Z
NMF,13,E,fb137a02a2124719,D6,Simulation (make/set DD),0.7599,2026-08-31T02:29:58Z
NMF,14,W,731a340266eaa250,H8,Simulation (make/set DD),0.7049,2026-08-31T02:30:04Z
Negative,1,E,4d591ecbc73b21c3,SK,Simulation (make/set DD),0.8083,2026-08-31T02:30:16Z
Negative,2,E,c256e9a3b3ae930d,SJ,Simulation (make/set DD),0.8867,2026-08-31T02:30:25Z
Negative,3,W,8f75278481ce73fe,SK,Simulation (make/set DD),0.8594,2026-08-31T02:30:47Z
Negative,4,E,dd2a17d36fee7302,C9,Simulation (make/set DD),0.7954,2026-08-31T02:30:58Z
Negative,5,W,d26f6b847d6665b9,ST,Simulation (make/set DD),0.7704,2026-08-31T02:31:05Z
Negative,6,E,f36c78a629ee1ad1,H3,Simulation (make/set DD),0.7643,2026-08-31T02:31:13Z
Negative,7,W,668b48e2931f5532,D5,Simulation (make/set DD),0.6091,2026-08-31T02:31:15Z
Negative,8,E,034e5f74185815cc,D7,Simulation (make/set DD),0.7721,2026-08-31T02:31:21Z
Negative,9,E,0994682fce46f6e6,C3,Simulation (make/set DD),0.7299,2026-08-31T02:31:26Z
Negative,10,E,869e92634b0bf5b7,SK,Simulation (make/set DD),0.7971,2026-08-31T02:31:31Z
Negative,11,W,7a6d1bc6f0489b23,CJ,Simulation (make/set DD),0.765,2026-08-31T02:31:36Z
Negative,12,E,4f1f91706eb541af,HQ,Simulation (make/set DD),0.7377,2026-08-31T02:31:41Z
Negative,13,W,906eb2c58e5717a3,CK,Simulation (make/set DD),0.7289,2026-08-31T02:31:45Z
Negative,14,E,744b48d738e80fb9,HJ,Simulation (make/set DD),0.5263,2026-08-31T02:31:48Z
Negative,15,W,572dbe18fe71f89e,DK,Simulation (make/set DD),0.6882,2026-08-31T02:31:50Z
Negative,16,E,75787811a6639276,SQ,Simulation (make/set DD),0.8653,2026-08-31T02:31:59Z
Negative,17,N,b5b3bde93643e8cb,SK,Simulation (make/set DD),0.4736,2026-08-31T02:32:00Z
Negative,18,E,44c602b95b532684,D5,Simulation (make/set DD),0.799,2026-08-31T02:32:10Z
Negative,19,E,d536d88251a16c8f,H7,Simulation (make/set DD),0.8424,2026-08-31T02:32:13Z
Negative,20,S,ea7dd3bc73c40a27,DA,Simulation (make/set DD),0.8652,2026-08-31T02:32:23Z
Notrump,1,W,c827ba6a2a37cbe4,SQ,NN - bad quality samples,-1,2026-08-31T02:32:24Z
Notrump,2,W,1a660d192c7111f0,SK,Simulation (make/set DD),0.5583,2026-08-31T02:32:26Z
Notrump,3,W,c943769b3518072d,D3,NN - bad quality samples,-1,2026-08-31T02:32:27Z
Notrump,4,W,20a234a66d5a4353,H2,NN - bad quality samples,-1,2026-08-31T02:32:28Z
Notrump,5,W,912e5e311a3be9df,S9,NN - bad quality samples,-1,2026-08-31T02:32:30Z
Notrump,6,W,247c8a482a8fcf92,S9,NN - bad quality samples,-1,2026-08-31T02:32:31Z
Notrump,7,E,a8c24ff2aebdc37d,H8,NN - bad quality samples,-1,2026-08-31T02:32:32Z
Notrump,8,W,ab6f88119fea0a1d,CQ,Simulation (make/set DD),0.7663,2026-08-31T02:32:36Z
Notrump,9,E,587ba4309fcbc63b,S4,Simulation (make/set DD),0.3445,2026-08-31T02:32:39Z
Notrump,10,W,0ad9a3b05634c492,S7,Simulation (make/set DD),0.8452,2026-08-31T02:32:41Z
Notrump,11,E,23977bc0d4baac97,D5,Simulation (make/set DD),0.3239,2026-08-31T02:32:43Z
Notrump,12,E,09e76448e212d070,D5,Simulation (make/set DD),0.5684,2026-08-31T02:32:46Z
Notrump,13,E,1ef5465ed602236a,S3,Simulation (make/set DD),0.596,2026-08-31T02:32:49Z
Notrump,14,E,74b738834684bfad,S4,Simulation (make/set DD),0.9225,2026-08-31T02:32:57Z
Notrump,15,E,719d8fc7b4acd1fa,H5,Simulation (make/set DD),0.5206,2026-08-31T02:32:59Z
Notrump,16,E,871f81839df6148c,S6,Simulation (make/set DD),0.8399,2026-08-31T02:33:04Z
Notrump,17,E,a7c18d9a020e9146,D5,Simulation (make/set DD),0.8389,2026-08-31T02:33:10Z
Notrump,18,E,c301150ca4530450,H5,NN - bad quality samples,-1,2026-08-31T02:33:11Z
Notrump,19,E,269840408524ce42,C7,NN - bad quality samples,-1,2026-08-31T02:33:12Z
Notrump,20,W,6174d70ad0b94ee0,CK,Simulation (make/set DD),0.57,2026-08-31T02:33:13Z
Notrump,21,W,ef448d8c4b86a032,HQ,NN - bad quality samples,-1,2026-08-31T02:33:14Z
Notrump,22,W,9eee839d146376ff,S6,NN - bad quality samples,-1,2026-08-31T02:33:16Z
Notrump,23,W,f811d658347e2bb5,SK,Simulation (make/set DD),0.5287,2026-08-31T02:33:17Z
Notrump,24,E,a56275b318001edc,S3,Simulation (make/set DD),0.832,2026-08-31T02:33:24Z
Notrump,25,E,b7ffa0677fe91fbe,CT,NN - bad quality samples,-1,2026-08-31T02:33:26Z
OLead,6,W,9b1486318a5264a2,S3,Simulation (make/set DD),0.848,2026-08-31T02:33:39Z
Ogust,1,W,ab889c4e9348f16d,H2,Simulation (make/set DD),0.7175,2026-08-31T02:33:41Z
Ogust,2,E,c07278c675b0d4a8,CJ,Simulation (make/set DD),0.7374,2026-08-31T02:33:45Z
Ogust,3,W,9d3d9b6f008e7e6b,DK,Simulation (make/set DD),0.6856,2026-08-31T02:33:48Z
Ogust,4,E,88d4afc6da3e9be9,C7,Simulation (make/set DD),0.7338,2026-08-31T02:33:51Z
Ogust,5,W,675d461a438f66a5,D7,Simulation (make/set DD),0.7339,2026-08-31T02:33:53Z
Ogust,6,W,82195f3d1c4b8b3e,HK,Simulation (make/set DD),0.7716,2026-08-31T02:33:57Z
Ogust,7,E,21e7171fd4ab2460,D7,Simulation (make/set DD),0.729,2026-08-31T02:34:07Z
Ogust,8,E,78584248d747719e,CQ,Simulation (make/set DD),0.7308,2026-08-31T02:34:10Z
Ogust,9,W,6807450e34b0b6bd,SQ,Simulation (make/set DD),0.734,2026-08-31T02:34:16Z
Ogust,10,E,b692bb6eea438477,HK,NN - bad quality samples,-1,2026-08-31T02:34:18Z
Overcalls,1,S,c4b26fbef2c244a7,C5,Simulation (make/set DD),0.8348,2026-08-31T02:34:25Z
Overcalls,2,E,99f39078da68fc49,DT,Simulation (make/set DD),0.8025,2026-08-31T02:34:32Z
Overcalls,3,W,74da421ecef57bbf,CJ,Simulation (make/set DD),0.7893,2026-08-31T02:34:34Z
Overcalls,4,E,2978973e49061f77,DJ,Simulation (make/set DD),0.5913,2026-08-31T02:34:37Z
Overcalls,5,W,0e44f6d816d41d7b,CK,Simulation (make/set DD),0.801,2026-08-31T02:34:45Z
Overcalls,6,E,a656c8efe36b876f,ST,Simulation (make/set DD),0.5741,2026-08-31T02:34:47Z
Overcalls,7,W,b940785a4658a6b8,H6,Simulation (make/set DD),0.8025,2026-08-31T02:34:51Z
Overcalls,8,E,f41573959f09c28b,HJ,Simulation (make/set DD),0.8059,2026-08-31T02:34:55Z
Overcalls,9,W,52b2a37f853a8000,C3,Simulation (make/set DD),0.7285,2026-08-31T02:34:57Z
Overcalls,10,W,ae3b9b8e1cb84eab,DK,Simulation (make/set DD),0.6864,2026-08-31T02:35:01Z
Overcalls,11,W,6cbe6e5ea11378f0,S7,Simulation (make/set DD),0.7496,2026-08-31T02:35:05Z
Overcalls,12,E,027d647a7fe53402,DQ,Simulation (make/set DD),0.7806,2026-08-31T02:35:11Z
Overcalls,13,W,ce67a1b20b4c6b94,H5,Simulation (make/set DD),0.8261,2026-08-31T02:35:22Z
Overcalls,14,W,02f125f759f8a7a0,DK,Simulation (make/set DD),0.7342,2026-08-31T02:35:26Z
Overcalls,15,E,d3ea225bef87e9ab,DJ,Simulation (make/set DD),0.7831,2026-08-31T02:35:29Z
Overcalls,16,E,4820f8a37f4141a2,S6,Simulation (make/set DD),0.8129,2026-08-31T02:35:32Z
Overcalls,17,W,50575744f88b8d64,ST,Simulation (make/set DD),0.5966,2026-08-31T02:35:34Z
Overcalls,18,W,beb1e273da97c648,CK,Simulation (make/set DD),0.6954,2026-08-31T02:35:36Z
Overcalls,19,E,9c61ea037dbc21f6,C5,Simulation (make/set DD),0.6728,2026-08-31T02:35:38Z
Overcalls,20,E,b93c5c8e1fbd159d,HJ,Simulation (make/set DD),0.7331,2026-08-31T02:35:43Z
Partnership-AdvancedForcing,1,W,9b0decf87abd3731,DJ,Simulation (make/set DD),0.8136,2026-08-31T02:35:47Z
Partnership-AdvancedForcing,2,W,1b7841f610c481b0,D4,Simulation (make/set DD),0.7585,2026-08-31T02:35:51Z
Partnership-AdvancedForcing,3,E,95e71775f7396203,D7,Simulation (make/set DD),0.8135,2026-08-31T02:35:57Z
Partnership-AdvancedForcing,4,W,ac8d19da583fb54b,HJ,Simulation (make/set DD),0.6453,2026-08-31T02:36:00Z
Partnership-AdvancedForcing,5,E,94ddf861eae69bdf,HJ,Simulation (make/set DD),0.7675,2026-08-31T02:36:04Z
Partnership-AdvancedForcing,6,W,11acf385f5d5ea72,D6,Simulation (make/set DD),0.9224,2026-08-31T02:36:11Z
Partnership-AdvancedForcing,7,W,2b7c8988f92320d4,S3,Simulation (make/set DD),0.8051,2026-08-31T02:36:18Z
Partnership-AdvancedForcing,8,W,89f5956d0166f871,SJ,Simulation (make/set DD),0.8723,2026-08-31T02:36:28Z
Partnership-AdvancedForcing,9,W,22156da86af49ba0,DK,Simulation (make/set DD),0.755,2026-08-31T02:36:32Z
Partnership-AdvancedForcing,10,E,93829510f0a0007c,CK,Simulation (make/set DD),0.8286,2026-08-31T02:36:42Z
Partnership-AdvancedForcing,11,E,99dab147d8e92b01,C3,Simulation (make/set DD),0.8883,2026-08-31T02:36:47Z
Partnership-AdvancedForcing,12,W,c628e4dc65f764ff,H5,Simulation (make/set DD),0.6771,2026-08-31T02:36:53Z
Partnership-AdvancedForcing,13,E,b11b22b4fabaa86f,CT,Simulation (make/set DD),0.774,2026-08-31T02:36:57Z
Partnership-AdvancedForcing,14,W,d80e92c84c1027cd,S2,Simulation (make/set DD),0.313,2026-08-31T02:36:59Z
Partnership-AdvancedForcing,15,E,1e21fcd57d38066b,D4,Simulation (make/set DD),0.8702,2026-08-31T02:37:03Z
Partnership-AdvancedForcing,16,E,46e18575182623eb,HQ,Simulation (make/set DD),0.8148,2026-08-31T02:37:06Z
Partnership-AdvancedForcing,17,E,9e3bb471db90f67c,SK,Simulation (make/set DD),0.7745,2026-08-31T02:37:11Z
Partnership-AdvancedForcing,18,E,cd30fd9404f41dd3,C6,Simulation (make/set DD),0.8393,2026-08-31T02:37:15Z
Partnership-AdvancedForcing,19,W,b6eed05e36f08ae9,H2,Simulation (make/set DD),0.6829,2026-08-31T02:37:16Z
Partnership-AdvancedForcing,20,W,f011a6de9d920cbe,CK,Simulation (make/set DD),0.5883,2026-08-31T02:37:19Z
Partnership-AdvancedForcing,21,E,a22c1a8d61c0d483,CK,Simulation (make/set DD),0.844,2026-08-31T02:37:23Z
Partnership-AdvancedForcing,22,W,660c644f28e108ff,S2,Simulation (make/set DD),0.7775,2026-08-31T02:37:28Z
Partnership-AdvancedForcing,23,W,755dabb693333a62,DJ,Simulation (make/set DD),0.7834,2026-08-31T02:37:32Z
Partnership-AdvancedForcing,24,W,00c693107b117b13,S3,Simulation (make/set DD),0.6876,2026-08-31T02:37:37Z
Partnership-BasicBidding,1,E,d12d21d4a60b9ad8,DK,Simulation (make/set DD),0.7711,2026-08-31T02:37:39Z
Partnership-BasicBidding,2,W,7430ba4516ccd07b,H3,Simulation (make/set DD),0.849,2026-08-31T02:37:49Z
Partnership-BasicBidding,3,W,726aca08a6dd8cea,H4,Simulation (make/set DD),0.9033,2026-08-31T02:37:55Z
Partnership-BasicBidding,4,W,92bdaa4ea503b2fc,C7,Simulation (make/set DD),0.7366,2026-08-31T02:38:01Z
Partnership-BasicBidding,5,E,eaa4c12d4c4c8645,D9,Simulation (make/set DD),0.6546,2026-08-31T02:38:02Z
Partnership-BasicBidding,6,W,8cae04c76141e9ed,S2,Simulation (make/set DD),0.8312,2026-08-31T02:38:12Z
Partnership-BasicBidding,7,E,46814a7ab2ee64bc,C5,Simulation (make/set DD),0.7162,2026-08-31T02:38:15Z
Partnership-BasicBidding,8,W,057f1034a93889e2,HK,Simulation (make/set DD),0.8681,2026-08-31T02:38:18Z
Partnership-BasicBidding,9,W,ee97a28b4998e64e,S7,NN - bad quality samples,-1,2026-08-31T02:38:19Z
Partnership-BasicBidding,10,W,5eb9c7338617d805,H8,Simulation (make/set DD),0.8994,2026-08-31T02:38:25Z
Partnership-BasicBidding,11,E,17d6635a199ad5b3,ST,NN - bad quality samples,-1,2026-08-31T02:38:26Z
Partnership-BasicBidding,12,E,b39967c2a2dc608b,H4,Simulation (make/set DD),0.8321,2026-08-31T02:38:35Z
Partnership-BasicBidding,13,E,3b5bb5ac726bb617,CK,NN - bad quality samples,-1,2026-08-31T02:38:36Z
Partnership-BasicBidding,14,W,ac35a2b59c889ba9,D2,Simulation (make/set DD),0.8495,2026-08-31T02:38:39Z
Partnership-BasicBidding,15,E,cc82fd8ac525cb4b,S9,Simulation (make/set DD),0.8508,2026-08-31T02:38:49Z
Partnership-BasicBidding,16,W,aecca095f62dcca1,DQ,NN - bad quality samples,-1,2026-08-31T02:38:51Z
Partnership-BasicBidding,17,W,cb5e615617110971,HK,Simulation (make/set DD),0.6631,2026-08-31T02:38:53Z
Partnership-BasicBidding,18,W,af2f573c4aff1759,SK,Simulation (make/set DD),0.7806,2026-08-31T02:38:57Z
Partnership-BasicBidding,19,W,dd1503714318043f,HK,Simulation (make/set DD),0.8205,2026-08-31T02:38:59Z
Partnership-BasicBidding,20,W,7d3612ef5166f3c5,CJ,Simulation (make/set DD),0.6016,2026-08-31T02:39:01Z
Partnership-BasicBidding,21,E,1185c9e1f18b8526,H8,Simulation (make/set DD),0.6418,2026-08-31T02:39:02Z
Partnership-BasicBidding,22,W,67943f629028549d,H4,NN - bad quality samples,-1,2026-08-31T02:39:04Z
Partnership-BasicBidding,23,W,eafba72360d79cc4,SK,Simulation (make/set DD),0.7852,2026-08-31T02:39:10Z
Partnership-BasicBidding,24,W,5a949359620e68a9,H4,Simulation (make/set DD),0.867,2026-08-31T02:39:16Z
Partnership-BasicMajor,1,E,d8cde4a6ae8df2ee,D3,Simulation (make/set DD),0.804,2026-08-31T02:39:19Z
Partnership-BasicMajor,2,W,e5efc574f38691f2,CA,Simulation (make/set DD),0.7291,2026-08-31T02:39:21Z
Partnership-BasicMajor,3,W,ea1e3c00e34b17d9,H9,Simulation (make/set DD),0.8829,2026-08-31T02:39:28Z
Partnership-BasicMajor,4,W,e2a2187e09bdf39b,CA,Simulation (make/set DD),0.79,2026-08-31T02:39:30Z
Partnership-BasicMajor,5,E,76aa87a98159fe1b,S3,Simulation (make/set DD),0.6866,2026-08-31T02:39:32Z
Partnership-BasicMajor,6,E,ae608852e5209b33,DJ,Simulation (make/set DD),0.8641,2026-08-31T02:39:36Z
Partnership-BasicMajor,7,E,e2b2b5b9fe0c36b5,CK,Simulation (make/set DD),0.6989,2026-08-31T02:39:38Z
Partnership-BasicMajor,8,W,5fbfbcab67951205,D8,Simulation (make/set DD),0.7866,2026-08-31T02:39:42Z
Partnership-BasicMajor,9,W,98e7268f47e50434,DQ,Simulation (make/set DD),0.7191,2026-08-31T02:39:44Z
Partnership-BasicMajor,10,W,377aae2945e8b869,S4,Simulation (make/set DD),0.8694,2026-08-31T02:39:54Z
Partnership-BasicMajor,11,E,774d5a350d69103a,CJ,Simulation (make/set DD),0.7722,2026-08-31T02:39:58Z
Partnership-BasicMajor,12,W,5738247889040158,DQ,Simulation (make/set DD),0.7467,2026-08-31T02:40:00Z
Partnership-BasicMajor,13,E,e129281b8e0f002f,S7,Simulation (make/set DD),0.7974,2026-08-31T02:40:04Z
Partnership-BasicMajor,14,W,bbe10b262d441904,CK,NN - bad quality samples,-1,2026-08-31T02:40:05Z
Partnership-BasicMajor,15,E,37952a3379230daa,HT,Simulation (make/set DD),0.7866,2026-08-31T02:40:10Z
Partnership-BasicMajor,16,W,c595dac4f85fed53,D7,Simulation (make/set DD),0.7594,2026-08-31T02:40:20Z
Partnership-BasicMajor,17,E,584d7858ca71ac28,DQ,Simulation (make/set DD),0.7469,2026-08-31T02:40:22Z
Partnership-BasicMajor,18,E,fac41dfdcf1581c5,CK,Simulation (make/set DD),0.7953,2026-08-31T02:40:25Z
Partnership-BasicMajor,19,E,9963afe2c5d28a5e,H4,Simulation (make/set DD),0.7836,2026-08-31T02:40:26Z
Partnership-BasicMajor,20,W,7904a48165f93e9e,CK,Simulation (make/set DD),0.784,2026-08-31T02:40:29Z
Partnership-BasicMajor,21,E,0608f713f9ccdf19,SK,Simulation (make/set DD),0.8148,2026-08-31T02:40:34Z
Partnership-BasicMajor,22,W,d8eb114845db4ca8,C5,Simulation (make/set DD),0.758,2026-08-31T02:40:38Z
Partnership-BasicMajor,23,E,776d8b290f36a95d,DT,Simulation (make/set DD),0.7764,2026-08-31T02:40:41Z
Partnership-BasicMajor,24,E,ed6f696f1084b06f,HT,Simulation (make/set DD),0.7604,2026-08-31T02:40:46Z
Partnership-BasicNotrump,1,E,342da865e70363df,H3,Simulation (make/set DD),0.9179,2026-08-31T02:41:00Z
Partnership-BasicNotrump,2,W,94910746989291b1,S3,Simulation (make/set DD),0.8414,2026-08-31T02:41:04Z
Partnership-BasicNotrump,3,E,489454766666a84f,HQ,Simulation (make/set DD),0.8765,2026-08-31T02:41:11Z
Partnership-BasicNotrump,4,W,11fc951137f84353,CQ,Simulation (make/set DD),0.905,2026-08-31T02:41:16Z
Partnership-BasicNotrump,5,E,bed802b0c457e2d1,D6,NN - bad quality samples,-1,2026-08-31T02:41:17Z
Partnership-BasicNotrump,6,W,9dbb2d3ea79a9789,S2,Simulation (make/set DD),0.6218,2026-08-31T02:41:18Z
Partnership-BasicNotrump,7,E,448d84712a7002db,H4,NN - bad quality samples,-1,2026-08-31T02:41:20Z
Partnership-BasicNotrump,8,W,68ec48ca61e8c631,DT,Simulation (make/set DD),0.8735,2026-08-31T02:41:25Z
Partnership-BasicNotrump,9,E,0c492196004f62f3,H4,Simulation (make/set DD),0.7952,2026-08-31T02:41:27Z
Partnership-BasicNotrump,10,W,97c68f255d741fac,HQ,Simulation (make/set DD),0.8604,2026-08-31T02:41:31Z
Partnership-BasicNotrump,11,E,b21c02bd49b13629,H8,NN - bad quality samples,-1,2026-08-31T02:41:32Z
Partnership-BasicNotrump,12,W,ab1620d43663723b,HJ,NN - bad quality samples,-1,2026-08-31T02:41:33Z
Partnership-BasicNotrump,13,E,000dc40d16e0c735,H2,NN - bad quality samples,-1,2026-08-31T02:41:35Z
Partnership-BasicNotrump,14,W,69d15cef435cbba4,C5,NN - bad quality samples,-1,2026-08-31T02:41:36Z
Partnership-BasicNotrump,15,E,56fe4f7cef8851cb,SK,Simulation (make/set DD),0.9043,2026-08-31T02:41:40Z
Partnership-BasicNotrump,16,W,0b2c0b6c17f80c2d,SQ,NN - bad quality samples,-1,2026-08-31T02:41:41Z
Partnership-BasicNotrump,17,E,8afece078ef5d151,C3,Simulation (make/set DD),0.8733,2026-08-31T02:41:45Z
Partnership-BasicNotrump,18,E,87e57992d7303561,S5,NN - bad quality samples,-1,2026-08-31T02:41:46Z
Partnership-BasicNotrump,19,E,d840d4fd0f0781c8,H5,NN - bad quality samples,-1,2026-08-31T02:41:48Z
Partnership-BasicNotrump,20,W,98e85c8d7dea2459,H8,NN - bad quality samples,-1,2026-08-31T02:41:49Z
Partnership-BasicNotrump,21,E,ff0149302fbca3bf,C6,Simulation (make/set DD),0.8276,2026-08-31T02:41:53Z
Partnership-BasicNotrump,22,W,8b275810cc36d1cf,CQ,Simulation (make/set DD),0.8648,2026-08-31T02:42:01Z
Partnership-BasicNotrump,23,E,8deafd764e225c3d,H6,NN - bad quality samples,-1,2026-08-31T02:42:02Z
Partnership-BasicNotrump,24,E,43c2f548cd78f3a0,H5,Simulation (make/set DD),0.9141,2026-08-31T02:42:07Z
Partnership-Blackwood,1,E,36b02676084eb57e,DQ,Simulation (make/set DD),0.7566,2026-08-31T02:42:10Z
Partnership-Blackwood,2,E,edfabdea290edbc3,CA,Simulation (make/set DD),0.5624,2026-08-31T02:42:12Z
Partnership-Blackwood,3,E,a23ddce36e5562ab,S4,Simulation (make/set DD),0.7488,2026-08-31T02:42:15Z
Partnership-Blackwood,4,E,0cd3892bcd778101,CQ,Simulation (make/set DD),0.7262,2026-08-31T02:42:18Z
Partnership-Blackwood,5,W,9f2efbec21ab952c,DA,Simulation (make/set DD),0.7199,2026-08-31T02:42:21Z
Partnership-Blackwood,6,E,09ccfff9b7c30ed4,H5,Simulation (make/set DD),0.5771,2026-08-31T02:42:23Z
Partnership-Blackwood,7,W,69bf6e042715640e,D5,Simulation (make/set DD),0.5373,2026-08-31T02:42:25Z
Partnership-Blackwood,8,E,764ed3db57934a27,D4,NN - bad quality samples,-1,2026-08-31T02:42:28Z
Partnership-Blackwood,9,E,7e8ea36563cac566,DJ,NN - bad quality samples,-1,2026-08-31T02:42:29Z
Partnership-Blackwood,10,W,0e8b1d677dbb90d1,C7,NN - bad quality samples,-1,2026-08-31T02:42:31Z
Partnership-Blackwood,11,E,11241db0ed2da143,CT,Simulation (make/set DD),0.7857,2026-08-31T02:42:33Z
Partnership-Blackwood,12,W,811c357a38b5cf6e,H5,Simulation (make/set DD),0.1898,2026-08-31T02:42:35Z
Partnership-Blackwood,13,E,bb9c7f653ef92803,CQ,Simulation (make/set DD),0.4825,2026-08-31T02:42:38Z
Partnership-Blackwood,14,W,1be0e1a9fa1a9998,H9,Simulation (make/set DD),0.5984,2026-08-31T02:42:40Z
Partnership-Blackwood,15,E,573f5a5f14ee0bc4,H4,NN - bad quality samples,-1,2026-08-31T02:42:41Z
Partnership-Blackwood,16,W,e2be1e196d49da44,S5,Simulation (make/set DD),0.644,2026-08-31T02:42:42Z
Partnership-Blackwood,17,E,53e9dcc1b8f139a2,SQ,NN - bad quality samples,-1,2026-08-31T02:42:46Z
Partnership-Blackwood,18,E,39589a41227bd8ee,ST,Simulation (make/set DD),0.5195,2026-08-31T02:42:49Z
Partnership-Blackwood,19,E,2e8635f7a3a81fd7,C7,Simulation (make/set DD),0.5271,2026-08-31T02:42:52Z
Partnership-Blackwood,20,E,b7490f497c217517,CK,Simulation (make/set DD),0.7596,2026-08-31T02:42:55Z
Partnership-Blackwood,21,W,d4dcbc28e3b3684e,SQ,Simulation (make/set DD),0.5075,2026-08-31T02:42:57Z
Partnership-Blackwood,22,W,5cd40b5b22aa8b5f,C2,Simulation (make/set DD),0.7167,2026-08-31T02:42:58Z
Partnership-Blackwood,23,E,ab5c7e6cdcb4b029,ST,NN - bad quality samples,-1,2026-08-31T02:43:00Z
Partnership-Blackwood,24,E,1cda1cda3ce1c5cc,H8,Simulation (make/set DD),0.5402,2026-08-31T02:43:03Z
Partnership-Jacoby2NT,1,E,9e5e22acfacb32ae,CK,Simulation (make/set DD),0.8218,2026-08-31T02:43:05Z
Partnership-Jacoby2NT,2,W,bcaa8cd4c1affb60,D4,Simulation (make/set DD),0.7898,2026-08-31T02:43:08Z
Partnership-Jacoby2NT,3,E,ce678f2a9f694ded,CK,Simulation (make/set DD),0.7192,2026-08-31T02:43:09Z
Partnership-Jacoby2NT,4,W,2a61eefaacf5b280,DA,Simulation (make/set DD),0.5818,2026-08-31T02:43:11Z
Partnership-Jacoby2NT,5,W,3f3739c180ee06d4,H2,Simulation (make/set DD),0.5585,2026-08-31T02:43:15Z
Partnership-Jacoby2NT,6,W,40950c76fa58df75,D5,Simulation (make/set DD),0.7088,2026-08-31T02:43:17Z
Partnership-Jacoby2NT,7,E,3624d737479c8c64,CA,Simulation (make/set DD),0.6566,2026-08-31T02:43:19Z
Partnership-Jacoby2NT,8,W,2bb834f96c9c7769,CT,Simulation (make/set DD),0.8171,2026-08-31T02:43:23Z
Partnership-Jacoby2NT,9,E,b2f7bea8737b63a7,D2,Simulation (make/set DD),0.7694,2026-08-31T02:43:28Z
Partnership-Jacoby2NT,10,W,d0d76ee832f1bf2d,C4,Simulation (make/set DD),0.7513,2026-08-31T02:43:30Z
Partnership-Jacoby2NT,11,E,30739d3185142280,CK,Simulation (make/set DD),0.5094,2026-08-31T02:43:33Z
Partnership-Jacoby2NT,12,W,e5912e59ef035aab,DA,Simulation (make/set DD),0.6303,2026-08-31T02:43:37Z
Partnership-Jacoby2NT,13,E,1d67352013a8285a,H6,Simulation (make/set DD),0.722,2026-08-31T02:43:40Z
Partnership-Jacoby2NT,14,E,2a8c08e3625a980d,H2,Simulation (make/set DD),0.6804,2026-08-31T02:43:44Z
Partnership-Jacoby2NT,15,E,1451d59695f53503,D9,Simulation (make/set DD),0.8238,2026-08-31T02:43:46Z
Partnership-Jacoby2NT,16,W,74ea64a7989da695,D4,Simulation (make/set DD),0.6108,2026-08-31T02:43:49Z
Partnership-Jacoby2NT,17,E,20f96507fd50500c,S7,Simulation (make/set DD),0.6509,2026-08-31T02:43:51Z
Partnership-Jacoby2NT,18,W,ea70723d33f4dcd2,H2,Simulation (make/set DD),0.7621,2026-08-31T02:43:56Z
Partnership-Jacoby2NT,19,E,67bc98ef37b63d30,H3,Simulation (make/set DD),0.6935,2026-08-31T02:43:58Z
Partnership-Jacoby2NT,20,W,206e1631317e2b73,DK,Simulation (make/set DD),0.6241,2026-08-31T02:44:01Z
Partnership-Jacoby2NT,21,W,c6121190a9262d39,CK,Simulation (make/set DD),0.5809,2026-08-31T02:44:02Z
Partnership-Jacoby2NT,22,W,6ac37e8b94428e63,HK,Simulation (make/set DD),0.653,2026-08-31T02:44:04Z
Partnership-Jacoby2NT,23,E,3b7ef2d4d5e2dfd5,D2,NN - bad quality samples,-1,2026-08-31T02:44:06Z
Partnership-Jacoby2NT,24,W,697430f21aa167c6,DT,Simulation (make/set DD),0.5929,2026-08-31T02:44:09Z
Partnership-NegativeDoubles,1,E,a8afb8dcc391d5b0,S3,Simulation (make/set DD),0.5345,2026-08-31T02:44:11Z
Partnership-NegativeDoubles,2,W,51b54c316fd31528,SJ,Simulation (make/set DD),0.7981,2026-08-31T02:44:14Z
Partnership-NegativeDoubles,3,W,7ee3f27d000145f8,DK,Simulation (make/set DD),0.8055,2026-08-31T02:44:16Z
Partnership-NegativeDoubles,4,W,c926d68fb7beed6c,C2,Simulation (make/set DD),0.6053,2026-08-31T02:44:18Z
Partnership-NegativeDoubles,5,E,c1a5b02d106d43bf,D3,Simulation (make/set DD),0.7671,2026-08-31T02:44:20Z
Partnership-NegativeDoubles,6,W,a9b6382b23c2e713,C5,Simulation (make/set DD),0.454,2026-08-31T02:44:23Z
Partnership-NegativeDoubles,7,E,d21651e492684d6f,HK,Simulation (make/set DD),0.7912,2026-08-31T02:44:26Z
Partnership-NegativeDoubles,8,E,007f476a203e5687,C5,Simulation (make/set DD),0.8252,2026-08-31T02:44:31Z
Partnership-NegativeDoubles,9,E,355787fc9ce0de37,SK,Simulation (make/set DD),0.8051,2026-08-31T02:44:34Z
Partnership-NegativeDoubles,10,W,fad3a0fc2f887de9,HJ,Simulation (make/set DD),0.7373,2026-08-31T02:44:35Z
Partnership-NegativeDoubles,11,W,9c95d43068dd1e9c,HQ,Simulation (make/set DD),0.7767,2026-08-31T02:44:37Z
Partnership-NegativeDoubles,12,W,43050ea1c5272ca9,C5,Simulation (make/set DD),0.7386,2026-08-31T02:44:41Z
Partnership-NegativeDoubles,13,E,345f82835a6eb718,H4,Simulation (make/set DD),0.8162,2026-08-31T02:44:49Z
Partnership-NegativeDoubles,14,E,eb00bf683d8009fc,DQ,Simulation (make/set DD),0.7905,2026-08-31T02:44:51Z
Partnership-NegativeDoubles,15,E,74f08dd034e25fc0,CJ,Simulation (make/set DD),0.7969,2026-08-31T02:44:54Z
Partnership-NegativeDoubles,16,W,3b355160d0bb96a8,D4,Simulation (make/set DD),0.4672,2026-08-31T02:44:56Z
Partnership-NegativeDoubles,17,E,a208941bc3180778,D4,Simulation (make/set DD),0.7336,2026-08-31T02:44:57Z
Partnership-NegativeDoubles,18,W,2eecc08cb23c666d,C3,Simulation (make/set DD),0.7422,2026-08-31T02:45:13Z
Partnership-NegativeDoubles,19,E,7fc2ba4bf762d43f,DQ,Simulation (make/set DD),0.7325,2026-08-31T02:45:16Z
Partnership-NegativeDoubles,20,W,bbedfe2c9f475744,SK,Simulation (make/set DD),0.7642,2026-08-31T02:45:18Z
Partnership-NegativeDoubles,21,E,ac3e4e3c83db7a68,C7,Simulation (make/set DD),0.6656,2026-08-31T02:45:21Z
Partnership-NegativeDoubles,22,E,4bd41b9f0809ac76,DQ,Simulation (make/set DD),0.8183,2026-08-31T02:45:24Z
Partnership-NegativeDoubles,23,E,498fb3c9ce20d629,D7,Simulation (make/set DD),0.7598,2026-08-31T02:45:27Z
Partnership-NegativeDoubles,24,E,f9552a042ab0aed4,S6,Simulation (make/set DD),0.5303,2026-08-31T02:45:28Z
Partnership-Overcalls,1,E,5bf5048eb141809c,DQ,Simulation (make/set DD),0.8953,2026-08-31T02:45:32Z
Partnership-Overcalls,2,W,583a84ed5dd76fa8,HK,Simulation (make/set DD),0.7458,2026-08-31T02:45:34Z
Partnership-Overcalls,3,E,c32ed6b4344e0cbc,HA,Simulation (make/set DD),0.8447,2026-08-31T02:45:37Z
Partnership-Overcalls,4,E,115b9463668ab70c,D4,Simulation (make/set DD),0.7122,2026-08-31T02:45:39Z
Partnership-Overcalls,5,W,27dca4f82c930b98,HK,Simulation (make/set DD),0.7646,2026-08-31T02:45:44Z
Partnership-Overcalls,6,E,c4b48d4edfabdc06,CQ,Simulation (make/set DD),0.61,2026-08-31T02:45:46Z
Partnership-Overcalls,7,W,1b83bc0332ae09d1,S2,Simulation (make/set DD),0.739,2026-08-31T02:45:49Z
Partnership-Overcalls,8,W,dd28b0d3dc72fb31,S4,Simulation (make/set DD),0.1532,2026-08-31T02:45:50Z
Partnership-Overcalls,9,E,3fddb2c6e0ee3964,D4,Simulation (make/set DD),0.7695,2026-08-31T02:45:52Z
Partnership-Overcalls,10,W,03cc01432f234d1b,H2,Simulation (make/set DD),0.6753,2026-08-31T02:45:53Z
Partnership-Overcalls,11,E,fb56588118fe756a,H3,Simulation (make/set DD),0.7424,2026-08-31T02:45:56Z
Partnership-Overcalls,12,E,2f6ac77cffe05fcf,ST,Simulation (make/set DD),0.8127,2026-08-31T02:45:58Z
Partnership-Overcalls,13,W,6c7aaf6a250dbcd3,H9,Simulation (make/set DD),0.7459,2026-08-31T02:46:05Z
Partnership-Overcalls,14,E,f317e861ba713e02,C5,Simulation (make/set DD),0.7591,2026-08-31T02:46:11Z
Partnership-Overcalls,15,E,2be9f80d47f52849,SK,Simulation (make/set DD),0.5674,2026-08-31T02:46:13Z
Partnership-Overcalls,16,W,50960f619d576d65,HQ,Simulation (make/set DD),0.229,2026-08-31T02:46:14Z
Partnership-Overcalls,17,E,f15351ed4839b938,DJ,Simulation (make/set DD),0.5759,2026-08-31T02:46:18Z
Partnership-Overcalls,18,S,960d079ad5b0704f,C9,Simulation (make/set DD),0.8543,2026-08-31T02:46:25Z
Partnership-Overcalls,19,E,099b22bc62557d2b,CK,Simulation (make/set DD),0.8695,2026-08-31T02:46:27Z
Partnership-Overcalls,20,W,ca789fc6efa3b070,CK,Simulation (make/set DD),0.8951,2026-08-31T02:46:31Z
Partnership-Overcalls,21,N,1e9bcba27b44faff,DK,Simulation (make/set DD),0.8414,2026-08-31T02:46:35Z
Partnership-Overcalls,22,S,524eae502d1eaf13,C8,Simulation (make/set DD),0.8993,2026-08-31T02:46:41Z
Partnership-Overcalls,23,E,8b17b31d297db1f0,H3,Simulation (make/set DD),0.8315,2026-08-31T02:46:46Z
Partnership-Overcalls,24,E,63b29548cb2b4753,S4,Simulation (make/set DD),0.816,2026-08-31T02:46:50Z
Partnership-RomanKeyCard,1,E,6a8e2ee955db1be6,HQ,Simulation (make/set DD),0.7296,2026-08-31T02:46:53Z
Partnership-RomanKeyCard,2,W,d6736d6bb794c952,CT,Simulation (make/set DD),0.6818,2026-08-31T02:46:55Z
Partnership-RomanKeyCard,3,W,10400a76f195f010,C7,Simulation (make/set DD),0.7233,2026-08-31T02:46:57Z
Partnership-RomanKeyCard,4,W,96c6f806fb65b0f8,C4,Simulation (make/set DD),0.588,2026-08-31T02:46:59Z
Partnership-RomanKeyCard,5,E,bd98deacb58560e4,H4,Simulation (make/set DD),0.5458,2026-08-31T02:47:01Z
Partnership-RomanKeyCard,6,E,cbe8a475f3475ced,C7,Simulation (make/set DD),0.6143,2026-08-31T02:47:03Z
Partnership-RomanKeyCard,7,E,2e48055ffca2dc87,HA,Simulation (make/set DD),0.3893,2026-08-31T02:47:04Z
Partnership-RomanKeyCard,8,W,6870f9defa0011ea,C4,NN - bad quality samples,-1,2026-08-31T02:47:06Z
Partnership-RomanKeyCard,9,W,649e36b2560ef75b,DA,NN - bad quality samples,-1,2026-08-31T02:47:07Z
Partnership-RomanKeyCard,10,E,178d85cb811e36c5,D5,Simulation (make/set DD),0.1896,2026-08-31T02:47:09Z
Partnership-RomanKeyCard,11,W,7f71437d2059428d,H6,Simulation (make/set DD),0.5361,2026-08-31T02:47:11Z
Partnership-RomanKeyCard,12,E,d8269abfadaf40cf,HK,NN - bad quality samples,-1,2026-08-31T02:47:13Z
Partnership-RomanKeyCard,13,W,c6f386f9fa874d1a,CQ,NN - bad quality samples,-1,2026-08-31T02:47:15Z
Partnership-RomanKeyCard,14,E,304aa4024729aff4,SQ,Simulation (make/set DD),0.6748,2026-08-31T02:47:19Z
Partnership-RomanKeyCard,15,E,e0bc326ae1974d3c,C4,Simulation (make/set DD),0.6939,2026-08-31T02:47:20Z
Partnership-RomanKeyCard,16,W,2cd15648af3388ac,S9,Simulation (make/set DD),0.7103,2026-08-31T02:47:22Z
Partnership-RomanKeyCard,17,E,ae5254de99164bd8,CK,NN - bad quality samples,-1,2026-08-31T02:47:23Z
Partnership-RomanKeyCard,18,W,c4b5860c4de30041,DJ,Simulation (make/set DD),0.4802,2026-08-31T02:47:26Z
Partnership-RomanKeyCard,19,W,0653da151a5b262e,D2,Simulation (make/set DD),0.4647,2026-08-31T02:47:28Z
Partnership-RomanKeyCard,20,E,95e383f97672750e,DQ,Simulation (make/set DD),0.7504,2026-08-31T02:47:39Z
Partnership-RomanKeyCard,21,E,6dbb27ec6309b37a,S9,Simulation (make/set DD),0.7211,2026-08-31T02:47:42Z
Partnership-RomanKeyCard,22,W,6e65f8cf12a6127e,CJ,Simulation (make/set DD),0.5118,2026-08-31T02:47:46Z
Partnership-RomanKeyCard,23,W,18013fce5ce1a26d,CJ,Simulation (make/set DD),0.5277,2026-08-31T02:47:50Z
Partnership-RomanKeyCard,24,W,4873422c872542f1,D4,Simulation (make/set DD),0.6611,2026-08-31T02:47:53Z
Partnership-StaymanTransfers,1,E,ae44806d290d7142,S4,Simulation (make/set DD),0.8953,2026-08-31T02:47:58Z
Partnership-StaymanTransfers,2,W,5a688397745296ec,DJ,Simulation (make/set DD),0.7953,2026-08-31T02:48:00Z
Partnership-StaymanTransfers,3,E,96e8733be7fdcb7f,C5,Simulation (make/set DD),0.794,2026-08-31T02:48:03Z
Partnership-StaymanTransfers,4,W,790a7d49d7feda04,H3,Simulation (make/set DD),0.8025,2026-08-31T02:48:12Z
Partnership-StaymanTransfers,5,E,a16efad509f8fa7e,S3,Simulation (make/set DD),0.831,2026-08-31T02:48:17Z
Partnership-StaymanTransfers,6,W,9140c731a751944d,H3,Simulation (make/set DD),0.8725,2026-08-31T02:48:23Z
Partnership-StaymanTransfers,7,E,d33f6a16470a4192,DJ,Simulation (make/set DD),0.8475,2026-08-31T02:48:29Z
Partnership-StaymanTransfers,8,W,12c287c216c82685,H5,Simulation (make/set DD),0.8733,2026-08-31T02:48:33Z
Partnership-StaymanTransfers,9,E,fd3d8a2bb9b03482,CK,Simulation (make/set DD),0.8198,2026-08-31T02:48:37Z
Partnership-StaymanTransfers,10,W,8d4ace7fec292044,DQ,Simulation (make/set DD),0.8538,2026-08-31T02:48:43Z
Partnership-StaymanTransfers,11,E,b6260ab64f664fdd,CT,Simulation (make/set DD),0.5124,2026-08-31T02:48:45Z
Partnership-StaymanTransfers,12,W,8a9b5db2371bbb56,C4,Simulation (make/set DD),0.7919,2026-08-31T02:48:52Z
Partnership-StaymanTransfers,13,W,fbf095dc43dbea79,D3,Simulation (make/set DD),0.6432,2026-08-31T02:48:55Z
Partnership-StaymanTransfers,14,W,87909b7f796aa789,SJ,Simulation (make/set DD),0.787,2026-08-31T02:49:01Z
Partnership-StaymanTransfers,15,E,c86de5d0235acfd2,C5,Simulation (make/set DD),0.6415,2026-08-31T02:49:03Z
Partnership-StaymanTransfers,16,E,22e59111fa3fe900,CK,NN - bad quality samples,-1,2026-08-31T02:49:04Z
Partnership-StaymanTransfers,17,W,40f121911f5d5ebf,CK,Simulation (make/set DD),0.8677,2026-08-31T02:49:08Z
Partnership-StaymanTransfers,18,W,b1ba91746581598c,C4,Simulation (make/set DD),0.5404,2026-08-31T02:49:10Z
Partnership-StaymanTransfers,19,W,0876e9651b8cf079,HJ,Simulation (make/set DD),0.808,2026-08-31T02:49:12Z
Partnership-StaymanTransfers,20,W,b9d05b4334f3b440,ST,NN - bad quality samples,-1,2026-08-31T02:49:14Z
Partnership-StaymanTransfers,21,E,8f981941c218b025,HJ,Simulation (make/set DD),0.8217,2026-08-31T02:49:17Z
Partnership-StaymanTransfers,22,W,84e947a2f8dc2423,HT,Simulation (make/set DD),0.7881,2026-08-31T02:49:31Z
Partnership-StaymanTransfers,23,E,d8f4aba3382f96c8,H2,Simulation (make/set DD),0.8366,2026-08-31T02:49:35Z
Partnership-StaymanTransfers,24,W,f69376861ad2d40c,H2,Simulation (make/set DD),0.8081,2026-08-31T02:49:39Z
Partnership-TwoClub,1,E,a735da6e46cbf498,DK,Simulation (make/set DD),0.8385,2026-08-31T02:49:42Z
Partnership-TwoClub,2,W,d3205f251603cf60,D3,Simulation (make/set DD),0.8605,2026-08-31T02:49:47Z
Partnership-TwoClub,3,E,3f0b29b7ac63578b,CQ,Simulation (make/set DD),0.7681,2026-08-31T02:49:49Z
Partnership-TwoClub,4,W,e7070b9c0943fa5f,S7,Simulation (make/set DD),0.7704,2026-08-31T02:49:51Z
Partnership-TwoClub,5,E,974a7638cff41526,HJ,Simulation (make/set DD),0.7794,2026-08-31T02:49:55Z
Partnership-TwoClub,6,W,a71f46bacc091170,ST,Simulation (make/set DD),0.7266,2026-08-31T02:49:58Z
Partnership-TwoClub,7,W,5bb4604281356765,SJ,Simulation (make/set DD),0.7242,2026-08-31T02:50:00Z
Partnership-TwoClub,8,E,f7a8a659ebf36ab1,H3,Simulation (make/set DD),0.6375,2026-08-31T02:50:05Z
Partnership-TwoClub,9,W,d9d8be8df9fb8274,CA,Simulation (make/set DD),0.7362,2026-08-31T02:50:06Z
Partnership-TwoClub,10,E,6cc76f2d0a4dda60,S7,Simulation (make/set DD),0.7508,2026-08-31T02:50:10Z
Partnership-TwoClub,11,E,9af86718e34bb9d0,S4,Simulation (make/set DD),0.8068,2026-08-31T02:50:15Z
Partnership-TwoClub,12,E,71e392a332ce7a11,H4,Simulation (make/set DD),0.7977,2026-08-31T02:50:21Z
Partnership-TwoClub,13,E,2c56212d1182df64,DJ,Simulation (make/set DD),0.7811,2026-08-31T02:50:25Z
Partnership-TwoClub,14,W,af64b93221afa9fe,S5,Simulation (make/set DD),0.751,2026-08-31T02:50:27Z
Partnership-TwoClub,15,E,5ece5485c84fdd5d,DA,Simulation (make/set DD),0.6951,2026-08-31T02:50:30Z
Partnership-TwoClub,16,W,cb86ad6c1ed9c241,HQ,Simulation (make/set DD),0.7584,2026-08-31T02:50:35Z
Partnership-TwoClub,17,W,96a284145f59f3ea,C7,Simulation (make/set DD),0.7699,2026-08-31T02:50:38Z
Partnership-TwoClub,18,E,96c0575a6ed99b95,DJ,NN - bad quality samples,-1,2026-08-31T02:50:39Z
Partnership-TwoClub,19,W,24b27bee4eed5323,CJ,NN - bad quality samples,-1,2026-08-31T02:50:41Z
Partnership-TwoClub,20,W,828babed6184e33b,H3,Simulation (make/set DD),0.7777,2026-08-31T02:50:47Z
Partnership-TwoClub,21,W,c5336dbea9179243,S4,Simulation (make/set DD),0.7534,2026-08-31T02:50:49Z
Partnership-TwoClub,22,W,2732dcdb254499d9,S4,Simulation (make/set DD),0.8655,2026-08-31T02:50:56Z
Partnership-TwoClub,23,W,bf3f605b048a4683,H6,Simulation (make/set DD),0.5221,2026-08-31T02:51:00Z
Partnership-TwoClub,24,E,fc95dd3a3614dd8b,SK,Simulation (make/set DD),0.7068,2026-08-31T02:51:03Z
Partnership-WeakTwos,1,E,17a53e901f9daa36,DJ,Simulation (make/set DD),0.857,2026-08-31T02:51:07Z
Partnership-WeakTwos,2,E,c056ef6f04161a6c,DQ,Simulation (make/set DD),0.7782,2026-08-31T02:51:14Z
Partnership-WeakTwos,3,E,109ca1b45af0a3f5,DQ,Simulation (make/set DD),0.824,2026-08-31T02:51:17Z
Partnership-WeakTwos,4,W,5f6629050c5f5296,HJ,Simulation (make/set DD),0.8315,2026-08-31T02:51:19Z
Partnership-WeakTwos,5,E,1769535a2009cd7d,SK,Simulation (make/set DD),0.8234,2026-08-31T02:51:20Z
Partnership-WeakTwos,6,W,9ee6361dd7b86fe9,DK,Simulation (make/set DD),0.8228,2026-08-31T02:51:22Z
Partnership-WeakTwos,7,E,15697bf9764dfc51,SJ,Simulation (make/set DD),0.77,2026-08-31T02:51:25Z
Partnership-WeakTwos,8,W,7c5f16b42c158a7b,CT,Simulation (make/set DD),0.763,2026-08-31T02:51:31Z
Partnership-WeakTwos,9,W,97bfe0b54bc5c2f9,S9,Simulation (make/set DD),0.744,2026-08-31T02:51:34Z
Partnership-WeakTwos,10,W,6e69e2ac79c1d069,SQ,Simulation (make/set DD),0.8087,2026-08-31T02:51:36Z
Partnership-WeakTwos,11,W,4f336daa1ea80b56,DK,Simulation (make/set DD),0.734,2026-08-31T02:51:38Z
Partnership-WeakTwos,12,W,84e62f805f6c6ffa,D4,Simulation (make/set DD),0.8003,2026-08-31T02:51:40Z
Partnership-WeakTwos,13,E,b076f825c9f1ec03,DJ,Simulation (make/set DD),0.7051,2026-08-31T02:51:43Z
Partnership-WeakTwos,14,E,14ee2879afe909b6,SK,Simulation (make/set DD),0.7306,2026-08-31T02:51:46Z
Partnership-WeakTwos,15,W,d9dc38ffbad81e2c,CK,Simulation (make/set DD),0.7281,2026-08-31T02:51:49Z
Partnership-WeakTwos,16,W,26eaaaa8036a5eef,HK,Simulation (make/set DD),0.8433,2026-08-31T02:51:50Z
Partnership-WeakTwos,17,E,76df59ef7829de66,D4,Simulation (make/set DD),0.8073,2026-08-31T02:51:53Z
Partnership-WeakTwos,18,W,c2fed6a894a7fc9f,SA,Simulation (make/set DD),0.8445,2026-08-31T02:51:54Z
Partnership-WeakTwos,19,W,a4319f4c2cd4bd11,C6,Simulation (make/set DD),0.5986,2026-08-31T02:51:56Z
Partnership-WeakTwos,20,W,7d99ac7c35607e40,DQ,Simulation (make/set DD),0.7409,2026-08-31T02:52:00Z
Partnership-WeakTwos,21,E,f758a1eef5438c26,DK,Simulation (make/set DD),0.7948,2026-08-31T02:52:03Z
Partnership-WeakTwos,22,E,e90d8fad593b2f14,CA,Simulation (make/set DD),0.8517,2026-08-31T02:52:05Z
Partnership-WeakTwos,23,W,a51d710558c76cb2,S9,Simulation (make/set DD),0.6884,2026-08-31T02:52:07Z
Partnership-WeakTwos,24,E,b9069767856d5199,HK,Simulation (make/set DD),0.7463,2026-08-31T02:52:15Z
Preempt,1,W,050b002838219e19,CQ,Simulation (make/set DD),0.8106,2026-08-31T02:52:16Z
Preempt,2,E,9f012b43572d6ada,HA,Simulation (make/set DD),0.812,2026-08-31T02:52:17Z
Preempt,3,W,53ac9fa9d128eb86,DK,Simulation (make/set DD),0.8316,2026-08-31T02:52:18Z
Preempt,4,E,f97fb5fb0f41f7fb,DK,Simulation (make/set DD),0.8431,2026-08-31T02:52:20Z
Preempt,5,W,6ca3ab4d9b5c8166,CT,Simulation (make/set DD),0.7822,2026-08-31T02:52:21Z
Preempt,6,E,bff216069f122a1e,CJ,NN - bad quality samples,-1,2026-08-31T02:52:22Z
Preempt,7,S,a7cc8899802613ab,HK,Simulation (make/set DD),0.7831,2026-08-31T02:52:27Z
Preempt,8,E,d13de8d2cbf8d660,SA,Simulation (make/set DD),0.8197,2026-08-31T02:52:29Z
Preempt,9,S,834b6c001bcda8bd,S9,Simulation (make/set DD),0.7387,2026-08-31T02:52:32Z
Preempt,10,E,1abadb3db0b496f3,DA,Simulation (make/set DD),0.8463,2026-08-31T02:52:33Z
Preempt,11,W,677f82eb94247b7f,H2,Simulation (make/set DD),0.8283,2026-08-31T02:52:35Z
Preempt,12,E,6ebbc253499e579e,C3,Simulation (make/set DD),0.8595,2026-08-31T02:52:36Z
Reverse,1,W,8353c2064076b305,H8,Simulation (make/set DD),0.8474,2026-08-31T02:53:06Z
Reverse,2,W,5ec9afb2fb7d66c6,D8,Simulation (make/set DD),0.8759,2026-08-31T02:53:10Z
Reverse,3,W,7f276da0096dcc38,S2,Simulation (make/set DD),0.7471,2026-08-31T02:53:14Z
Reverse,4,W,537b0b4a0b3b8692,H6,Simulation (make/set DD),0.6841,2026-08-31T02:53:15Z
Reverse,5,E,b7bd6217a6c7c99c,DK,Simulation (make/set DD),0.784,2026-08-31T02:53:19Z
Reverse,6,W,ea9ca5cfdb8f83c0,S9,Simulation (make/set DD),0.7894,2026-08-31T02:53:24Z
Reverse,7,E,a6d83a3456d1df6c,DJ,Simulation (make/set DD),0.7335,2026-08-31T02:53:26Z
Reverse,8,W,5d1702f32a3d8f8e,C4,Simulation (make/set DD),0.8439,2026-08-31T02:53:30Z
Reverse,9,W,9a4b0830e9172e8a,SJ,Simulation (make/set DD),0.7531,2026-08-31T02:53:33Z
Reverse,10,W,684ea58f66683626,S4,Simulation (make/set DD),0.7419,2026-08-31T02:53:44Z
Reverse,11,W,d914db3dccb5e629,CK,Simulation (make/set DD),0.5621,2026-08-31T02:53:46Z
Reverse,12,E,9d16505986ab1095,H4,Simulation (make/set DD),0.6594,2026-08-31T02:53:49Z
Reverse,13,E,8e07d5ba90314476,SQ,Simulation (make/set DD),0.572,2026-08-31T02:53:51Z
Reverse,14,W,02e9546c5403d79c,C7,Simulation (make/set DD),0.9016,2026-08-31T02:53:59Z
Roman,1,W,5e167760fc6947ca,CK,Simulation (make/set DD),0.6417,2026-08-31T02:54:00Z
Roman,2,W,2591327f24613ece,DK,NN - bad quality samples,-1,2026-08-31T02:54:02Z
Roman,3,E,69f35debdecafae4,H2,Simulation (make/set DD),0.6734,2026-08-31T02:54:06Z
Roman,4,W,96bce1487253c952,C4,Simulation (make/set DD),0.5461,2026-08-31T02:54:10Z
Roman,5,E,6c03651c59c35633,C8,Simulation (make/set DD),0.5069,2026-08-31T02:54:13Z
Roman,6,W,8712719d859488c3,S7,Simulation (make/set DD),0.6753,2026-08-31T02:54:16Z
Roman,7,E,e7ef35fafe8f00db,DK,NN - bad quality samples,-1,2026-08-31T02:54:18Z
Roman,8,E,25304bf17fc73d03,S3,Simulation (make/set DD),0.3296,2026-08-31T02:54:19Z
Roman,9,W,38c372e15cb4ee11,CA,Simulation (make/set DD),0.6342,2026-08-31T02:54:21Z
Roman,10,E,2d40cfff8b007d2b,DJ,Simulation (make/set DD),0.7134,2026-08-31T02:54:25Z
Roman,11,W,99ecd9d5a1a20c2b,CA,NN - bad quality samples,-1,2026-08-31T02:54:27Z
Roman,12,E,1b4a73af3a2e124f,C5,Simulation (make/set DD),0.5138,2026-08-31T02:54:29Z
Roman,13,W,1490cfdcda68ff12,S4,Simulation (make/set DD),0.5931,2026-08-31T02:54:32Z
Roman,14,W,7b5b8e0119fb02fe,CJ,Simulation (make/set DD),0.5578,2026-08-31T02:54:35Z
Roman,15,E,e1bd69775f517ac7,SK,NN - bad quality samples,-1,2026-08-31T02:54:36Z
Roman,16,W,98e46e264bc035c3,H3,NN - bad quality samples,-1,2026-08-31T02:54:38Z
Roman,17,W,1f00262027ed4928,HK,Simulation (make/set DD),0.6103,2026-08-31T02:54:43Z
Roman,18,E,a2d7f911e67f4119,DT,NN - bad quality samples,-1,2026-08-31T02:54:45Z
Roman,19,E,1465a5c37078c797,D5,NN - bad quality samples,-1,2026-08-31T02:54:47Z
Roman,20,W,f4e4fe737f6498a3,D3,Simulation (make/set DD),0.5719,2026-08-31T02:54:49Z
Stayman,1,E,049009c62f0edca4,H3,Simulation (make/set DD),0.9162,2026-08-31T02:54:52Z
Stayman,2,E,d971ab8019719fdf,S8,Simulation (make/set DD),0.7952,2026-08-31T02:54:59Z
Stayman,3,E,f123e0652acc6962,H3,Simulation (make/set DD),0.8846,2026-08-31T02:55:07Z
Stayman,4,E,e307b5e936bff1cf,C4,Simulation (make/set DD),0.9078,2026-08-31T02:55:14Z
Stayman,5,E,db2474d5525c811a,DJ,Simulation (make/set DD),0.8762,2026-08-31T02:55:20Z
Stayman,6,E,e136419920ffc33a,C7,Simulation (make/set DD),0.8212,2026-08-31T02:55:24Z
Stayman,7,E,7b76503e4e943796,C7,Simulation (make/set DD),0.4065,2026-08-31T02:55:26Z
Stayman,8,E,c297746eb0e54c36,DJ,Simulation (make/set DD),0.8759,2026-08-31T02:55:32Z
Stayman,9,W,0e7745282ebd7f3f,DK,Simulation (make/set DD),0.6775,2026-08-31T02:55:34Z
Stayman,10,E,d6ee10794494f341,H4,Simulation (make/set DD),0.8764,2026-08-31T02:55:41Z
Stayman,11,W,631ddc6218b9ddff,CJ,Simulation (make/set DD),0.6338,2026-08-31T02:55:42Z
Stayman,12,W,08ba3bbea3a4220e,H6,Simulation (make/set DD),0.8168,2026-08-31T02:55:53Z
Stayman,13,W,15eda87397a3e15b,C3,Simulation (make/set DD),0.8147,2026-08-31T02:56:02Z
Stayman,14,W,98a413238e7218ca,D2,Simulation (make/set DD),0.8076,2026-08-31T02:56:06Z
Stayman,15,W,6ac25acfb630f511,CJ,Simulation (make/set DD),0.7925,2026-08-31T02:56:10Z
Stayman,16,W,92bdb3f372692866,C5,Simulation (make/set DD),0.7755,2026-08-31T02:56:13Z
Stayman,17,W,f2c2784038fe3a1d,D4,Simulation (make/set DD),0.5036,2026-08-31T02:56:15Z
Stayman,18,E,9b13779ec5912cf2,DJ,Simulation (make/set DD),0.4195,2026-08-31T02:56:17Z
Stayman,19,W,c8e74e1df05379f8,DT,Simulation (make/set DD),0.7793,2026-08-31T02:56:22Z
Stayman,20,W,7a5a0d2e6b07e42d,DK,Simulation (make/set DD),0.8038,2026-08-31T02:56:25Z
Stayman,21,E,27b5707595006b91,H7,Simulation (make/set DD),0.7636,2026-08-31T02:56:27Z
Stayman,22,E,1360e3d7ad7144f7,CK,Simulation (make/set DD),0.783,2026-08-31T02:56:31Z
Stayman,23,E,ea56ee8ed97aa255,H7,Simulation (make/set DD),0.8353,2026-08-31T02:56:37Z
Stayman,24,W,8d8a06ca3488b851,S3,Simulation (make/set DD),0.4098,2026-08-31T02:56:38Z
Stayman,25,E,bbbe63b82e665ea5,DK,Simulation (make/set DD),0.5321,2026-08-31T02:56:40Z
Takeout,1,E,df147fec4bd8d001,H2,Simulation (make/set DD),0.767,2026-08-31T02:56:45Z
Takeout,2,E,4a1fb0926deb0049,DK,Simulation (make/set DD),0.734,2026-08-31T02:56:49Z
Takeout,3,E,a156c4c07ef2f8d4,DA,Simulation (make/set DD),0.8036,2026-08-31T02:56:51Z
Takeout,4,E,8782107b2df63ad0,HK,Simulation (make/set DD),0.7953,2026-08-31T02:57:02Z
Takeout,5,E,3aba6c312caba6e9,HK,Simulation (make/set DD),0.706,2026-08-31T02:57:04Z
Takeout,6,W,565cd5bb3c9fff74,D5,Simulation (make/set DD),0.6595,2026-08-31T02:57:07Z
Takeout,7,E,8eeb17646dd7b66a,D7,Simulation (make/set DD),0.8098,2026-08-31T02:57:22Z
Takeout,8,E,947325a0bc9126ec,CJ,Simulation (make/set DD),0.6972,2026-08-31T02:57:37Z
Takeout,9,W,a32b1928c7c4e0fb,ST,Simulation (make/set DD),0.7344,2026-08-31T02:57:46Z
Takeout,10,E,59c8318b7925b69a,SJ,Simulation (make/set DD),0.7864,2026-08-31T02:57:51Z
Takeout,11,E,bf0eecfb355fd090,SK,Simulation (make/set DD),0.7492,2026-08-31T02:57:55Z
Takeout,12,W,bbeaa0378995fdf3,D3,Simulation (make/set DD),0.7897,2026-08-31T02:57:57Z
Takeout,13,W,9c160cf67bfd4c32,CT,Simulation (make/set DD),0.7286,2026-08-31T02:57:58Z
Takeout,14,W,eb74a7f3b56e16e3,S4,Simulation (make/set DD),0.7334,2026-08-31T02:58:01Z
Takeout,15,W,ffbb5041efa0ac19,HK,Simulation (make/set DD),0.7342,2026-08-31T02:58:07Z
Takeout,16,W,74d4bd3259e667d0,SQ,Simulation (make/set DD),0.7215,2026-08-31T02:58:11Z
Takeout,17,W,9398564b55f459ed,HK,Simulation (make/set DD),0.5877,2026-08-31T02:58:15Z
Takeout,18,W,efeef577f0ee4b26,H6,Simulation (make/set DD),0.8284,2026-08-31T02:58:23Z
Takeout,19,E,a27e91da1b262667,D6,Simulation (make/set DD),0.7497,2026-08-31T02:58:26Z
Takeout,20,E,4cdc151e1075d20b,HJ,Simulation (make/set DD),0.727,2026-08-31T02:58:29Z
Takeout,21,W,0f0fbcb4521eba65,DK,Simulation (make/set DD),0.6137,2026-08-31T02:58:33Z
Takeout,22,W,e61ffe882e17da42,DK,Simulation (make/set DD),0.8126,2026-08-31T02:58:35Z
Takeout,23,N,f538682ae33417a6,D6,Simulation (make/set DD),0.5453,2026-08-31T02:58:37Z
Takeout,24,E,a3452c11fc6946c7,D4,Simulation (make/set DD),0.5622,2026-08-31T02:58:40Z
Takeout,25,N,cba26dd6fd5fcc6e,C7,Simulation (make/set DD),0.7552,2026-08-31T02:58:42Z
Transfers,1,E,6e00ca3e9d1cef16,CK,Simulation (make/set DD),0.8984,2026-08-31T02:58:45Z
Transfers,2,E,f07d9a97f735c3ba,C8,Simulation (make/set DD),0.7741,2026-08-31T02:58:57Z
Transfers,3,E,3241410e3840463c,DT,Simulation (make/set DD),0.7846,2026-08-31T02:59:09Z
Transfers,4,E,5e712cf7a9eaf64f,D4,Simulation (make/set DD),0.7834,2026-08-31T02:59:17Z
Transfers,5,E,6735987092f37836,CJ,Simulation (make/set DD),0.7848,2026-08-31T02:59:20Z
Transfers,6,W,7b4d84a69e32e7b8,DJ,Simulation (make/set DD),0.7971,2026-08-31T02:59:25Z
Transfers,7,W,9eabc9b0ef97c77d,ST,Simulation (make/set DD),0.5161,2026-08-31T02:59:27Z
Transfers,8,E,44a3866931d147cd,H9,Simulation (make/set DD),0.846,2026-08-31T02:59:32Z
Transfers,9,E,4b9dac3130f33375,C8,Simulation (make/set DD),0.7387,2026-08-31T02:59:35Z
Transfers,10,E,bd993ab53a5a0b80,HT,Simulation (make/set DD),0.8493,2026-08-31T02:59:42Z
Transfers,11,W,2107c1ad40504ce4,C6,Simulation (make/set DD),0.7837,2026-08-31T02:59:44Z
Transfers,12,W,6bea07902627c445,C2,Simulation (make/set DD),0.8071,2026-08-31T02:59:51Z
Transfers,13,W,028f273be55683cb,D2,Simulation (make/set DD),0.8316,2026-08-31T02:59:54Z
Transfers,14,W,d45f97bcced1eac3,CT,Simulation (make/set DD),0.7916,2026-08-31T03:00:05Z
Transfers,15,W,d3f6268c961df561,SK,Simulation (make/set DD),0.7737,2026-08-31T03:00:11Z
Transfers,16,W,6fd2f3c737f421dc,C4,Simulation (make/set DD),0.754,2026-08-31T03:00:15Z
Transfers,17,W,08c22303587b6849,S3,Simulation (make/set DD),0.8133,2026-08-31T03:00:19Z
Transfers,18,W,af9536c01800f538,H7,Simulation (make/set DD),0.7439,2026-08-31T03:00:23Z
Transfers,19,W,e99110974e9bfc46,C2,NN - bad quality samples,-1,2026-08-31T03:00:26Z
Transfers,20,W,14f07f8644389130,S2,Simulation (make/set DD),0.8214,2026-08-31T03:00:32Z
Transfers,21,W,5f9eb1ac0bf3b450,S4,Simulation (make/set DD),0.7648,2026-08-31T03:00:36Z
Transfers,22,W,9847581d5ea483e1,S8,Simulation (make/set DD),0.8373,2026-08-31T03:00:45Z
Transfers,23,W,709f5ef5b59269ab,S6,Simulation (make/set DD),0.6991,2026-08-31T03:00:47Z
Transfers,24,W,e62e2013a7a72edd,D7,Simulation (make/set DD),0.7815,2026-08-31T03:00:52Z
Transfers,25,S,ad9b60bb49b57c97,DA,Simulation (make/set DD),0.7336,2026-08-31T03:00:55Z
Weak2,1,W,1e341085af6cc5bd,CT,Simulation (make/set DD),0.8059,2026-08-31T03:00:57Z
Weak2,2,E,0da062bc26b2a4b8,CT,Simulation (make/set DD),0.7937,2026-08-31T03:01:05Z
Weak2,3,W,fcfb1bda69c338f3,DK,Simulation (make/set DD),0.8258,2026-08-31T03:01:11Z
Weak2,4,W,87b19834a3b408ea,H9,Simulation (make/set DD),0.676,2026-08-31T03:01:13Z
Weak2,5,W,e0e4319fb5484648,C3,Simulation (make/set DD),0.7721,2026-08-31T03:01:17Z
Weak2,6,E,41bead2a3bada92c,HK,Simulation (make/set DD),0.81,2026-08-31T03:01:21Z
Weak2,7,W,a1ba1ebb4da4310c,S5,Simulation (make/set DD),0.6969,2026-08-31T03:01:24Z
Weak2,8,E,2e64a7e82fb38405,DK,Simulation (make/set DD),0.6743,2026-08-31T03:01:26Z
Weak2,9,E,3f1eb853112895ea,H2,Simulation (make/set DD),0.7357,2026-08-31T03:01:32Z
Weak2,10,E,fa429971b1a09d7d,D4,Simulation (make/set DD),0.8018,2026-08-31T03:01:34Z
Weak2,11,W,f2f7f90bb52c04be,CQ,Simulation (make/set DD),0.7958,2026-08-31T03:01:39Z
Weak2,12,E,caafa9eb8eb5b2b4,D2,Simulation (make/set DD),0.781,2026-08-31T03:01:42Z
Weak2,13,E,988952ecbb78d8e0,HJ,Simulation (make/set DD),0.7404,2026-08-31T03:01:46Z
Weak2,14,E,11e1f06e988a06fb,D2,Simulation (make/set DD),0.7988,2026-08-31T03:01:48Z
Weak2,15,W,a8e8e3f6952cf2ca,DJ,Simulation (make/set DD),0.8078,2026-08-31T03:01:50Z
Weak2,16,W,38c64e9ec1f6a268,SK,Simulation (make/set DD),0.7362,2026-08-31T03:01:53Z
Weak2,17,E,aeb472e52fc3c785,CK,Simulation (make/set DD),0.673,2026-08-31T03:01:56Z
Weak2,18,E,bde56238f6b6b7f6,HQ,Simulation (make/set DD),0.569,2026-08-31T03:01:57Z
Weak2,19,E,17609752b9767c95,C7,Simulation (make/set DD),0.7095,2026-08-31T03:01:59Z
Weak2,20,W,dca24d545e9ba2f7,DK,Simulation (make/set DD),0.7384,2026-08-31T03:02:03Z
100Deals,50,W,c59f890416d8b449,HQ,Simulation (make/set DD),0.4727,2026-08-31T03:04:31Z
